feature,importance_mean,importance_std
screen_uptime_pct,0.0791818655549765,0.04757574281791391
realized_ad_revenue,0.03866597186034387,0.033679798098928335
engagement_trend_90d,0.011594580510682606,0.007554446297359607
competitor_outreach_flag,0.008897863470557588,0.004011385474442791
complaint_count_90d,0.006031787389265175,0.00957801112293041
venue_type,0.0030093798853569275,0.005434547240456231
traffic_tier,0.0,0.0
self_ad_promo_utilization,-0.00029963522668056687,0.010923415389872657
tenure_months,-0.014278269932256431,0.024622902129800284
