venue_id,venue_type,geo_cluster,traffic_tier,realized_ad_revenue,tenure_months,engagement_trend_90d,screen_uptime_pct,complaint_count_90d,self_ad_promo_utilization,competitor_outreach_flag,churned_next_quarter,true_churn_risk_90d,competitive_pressure_market,relationship_execution_gap
0,restaurant,2,high,295.67708757320696,11.0,-1.6038560048808472,91.26636474861472,2,65.97111758200836,False,False,0.12082383120394508,False,False
1,restaurant,8,low,152.40222356079084,32.0,-0.3169967971257788,99.54640930493268,1,80.455323384961,True,False,0.06748262958175892,False,False
2,restaurant,15,high,327.6812730537956,2.0,-0.9792273572249952,95.931487138094,0,68.79639507990542,False,False,0.18366806454919787,False,False
3,restaurant,16,high,252.8426737355275,6.0,-9.933809890720886,86.87337348697994,0,65.94714751003555,False,False,0.28315132909422575,True,False
4,restaurant,0,low,192.02630066546004,37.0,-2.8321650679588175,92.78696964653327,2,80.68883383791092,False,False,0.22935589343800497,False,False
5,restaurant,16,low,388.5830207554189,3.0,-18.27632294909932,73.42772549026989,3,44.51653582762643,False,True,0.6773480834986726,True,True
6,restaurant,9,high,344.7329068633129,14.0,-1.9878161784445947,95.16267193216974,1,64.61646072799036,False,False,0.09447333245808348,False,False
7,restaurant,4,low,209.302299932555,38.0,-0.17051390943259226,100.0,0,58.55913546654453,False,False,0.08306182871165152,False,False
8,restaurant,12,high,363.16864193395486,40.0,-2.3595823081426945,99.124727914716,3,71.83745488919897,False,False,0.15749411212728145,True,False
9,restaurant,14,low,278.55385094554526,15.0,-3.043533085424681,95.1534492334543,3,65.05119900119605,False,True,0.11904497212687475,True,False
10,restaurant,14,low,275.489910693751,22.0,-8.989711330874428,94.78011731700366,0,80.0096802408813,True,False,0.3012979107238185,True,False
11,restaurant,18,high,450.3556575300002,5.0,-7.503203815470899,93.11649042032487,1,71.3669256442348,False,False,0.24456078623757632,False,False
12,restaurant,14,low,272.4544050132256,36.0,-16.84128449310436,74.94960652365174,2,55.643089093552234,True,True,0.7039624957730097,True,True
13,restaurant,18,low,205.971392623864,21.0,0.7762215691027057,97.04807739774553,2,59.47051805443982,False,True,0.11800609246250246,False,False
14,restaurant,6,high,484.5526878546223,31.0,-15.655156161236196,76.71723512396792,1,68.19340616523777,False,False,0.3965140240401909,False,True
15,restaurant,14,low,479.9078206600258,3.0,-12.466573892775548,88.77374181995337,1,62.10921180314644,True,False,0.4143506406117857,True,False
16,restaurant,16,low,320.04645163527897,4.0,-10.511649450486594,89.04789483064056,1,63.155483600089724,False,True,0.3267814833917642,True,False
17,restaurant,18,low,268.79810750023887,12.0,0.3797744740518043,95.15863098313898,0,61.81019818589334,False,False,0.14391338311590754,False,False
18,restaurant,8,high,371.03200858330194,26.0,-3.7298004612472337,97.37479843797401,0,61.0480332018821,False,False,0.14145470966120757,False,False
19,restaurant,9,low,250.7853598967552,43.0,-5.971194845084767,96.81211698058065,1,77.15971235947748,False,False,0.16006721401273738,False,False
20,restaurant,4,low,224.3092787564925,19.0,-4.757411959945513,79.04603708213202,1,58.14999440523042,False,False,0.2732834748180787,False,True
21,restaurant,13,high,442.34469744488166,19.0,1.4049335054404923,89.85609402703794,2,78.19234667534636,True,False,0.17862844372797598,False,False
22,restaurant,16,high,460.6591819365336,6.0,-2.880100974389401,93.48490546880268,0,58.64979540944995,False,False,0.23163505430595194,True,False
23,restaurant,0,high,177.10777130207262,22.0,0.6710535078240669,94.34469639841274,1,66.34208877536096,True,False,0.055054270788664525,False,False
24,restaurant,11,high,428.5626286428474,35.0,2.242075058009293,94.65467732577322,1,63.825629881552636,False,False,0.15018996910505364,False,False
25,restaurant,1,high,401.4517694169938,5.0,6.507423575824696,94.92635534098858,1,54.790664162018224,False,False,0.16875677386755997,False,False
26,restaurant,16,low,285.31441322662386,42.0,-4.438368589467324,90.3188709576815,1,72.82731838529811,False,True,0.19315705158492286,True,False
27,restaurant,2,high,186.88352435115212,31.0,2.5626030309555228,98.39478111957668,2,82.80534598128082,False,True,0.10029700479836468,False,False
28,restaurant,9,low,137.5119347575442,37.0,-5.647472042809078,98.0061406206608,0,46.553624619085355,False,False,0.1825813979877258,False,False
29,restaurant,13,low,331.32771949247524,7.0,-3.7152021380183733,97.40325831595298,0,60.645236015492934,False,False,0.08632858374196477,False,False
30,restaurant,3,high,355.7815578003125,3.0,-0.40193292275118564,96.16736812069668,0,73.0646423538126,False,False,0.08773506638119777,False,False
31,restaurant,7,high,284.8791167068508,38.0,-4.207970301479678,93.69426664893354,2,55.86047938385602,False,True,0.1486455149931889,False,False
32,restaurant,15,low,271.81842226705845,45.0,0.15856070154148583,95.92220960605474,1,73.0768485443453,False,False,0.0558218099773628,False,False
33,restaurant,16,low,460.8269133976216,7.0,-7.3981902239867035,93.11255349483872,2,73.66283277487514,True,True,0.31198156640506497,True,False
34,restaurant,12,low,230.51418245985997,47.0,-21.670413344709345,86.91394009910553,1,58.96220484557082,False,True,0.5428053647488883,True,False
35,restaurant,0,low,189.50554186481745,30.0,3.7079898907323683,94.56163447812165,0,60.495438883591916,False,False,0.06779034343942808,False,False
36,restaurant,7,high,228.0355165356226,40.0,-1.5530500545275627,99.67963526883761,1,75.60682490128984,False,True,0.09979672220451176,False,False
37,restaurant,3,high,146.4421121180216,45.0,-2.8223396803219645,95.0657780389645,0,57.9444135716043,False,False,0.09847846429356259,False,False
38,restaurant,16,low,301.898295706164,17.0,-5.032581191073413,82.05709355417864,2,69.64566987285501,True,True,0.39525592916925784,True,True
39,restaurant,7,low,239.7895938077136,34.0,7.07666801387841,100.0,1,90.44092709044219,True,False,0.07319909867700843,False,False
40,restaurant,0,high,252.9136949505661,35.0,-8.059096981926936,89.64107225397886,1,57.44454071052994,False,False,0.19793922876356104,False,False
41,restaurant,13,low,162.70170108692898,3.0,-7.220985219393759,81.64905036388973,1,52.82739902587281,True,False,0.3585122708355002,False,True
42,restaurant,4,high,161.1919708599311,37.0,-3.681386237008451,93.74319040898314,2,58.33572823369978,False,False,0.12027408371093855,False,False
43,restaurant,6,low,187.0276476551589,31.0,-0.5920450189468225,97.96195386891817,3,63.89815812983518,False,False,0.08909157457556295,False,False
44,restaurant,18,high,672.5117870144054,3.0,-4.861368948351004,97.6810331358477,1,62.90072529995854,False,False,0.15083972697163078,False,False
45,restaurant,12,low,264.0459569845736,31.0,-2.0343600655203584,93.53208614436294,2,54.00945576768219,False,False,0.14911729522194755,True,False
46,restaurant,8,low,210.0480025899284,29.0,1.0975473523673298,97.20296097174175,1,70.6873272275781,True,False,0.08987397381965839,False,False
47,restaurant,10,low,229.28090400683232,43.0,-2.4252882936559264,80.16157860821541,2,56.057089312130124,False,False,0.2887056291370908,False,True
48,restaurant,8,high,572.8980780082044,6.0,5.64638182586523,97.03664943395754,0,62.38223213740493,False,False,0.07984711376989549,False,False
49,restaurant,14,low,234.2839138479236,27.0,-14.398926378009936,82.17599118326811,5,51.48621672202239,True,True,0.2966286511564127,True,True
50,restaurant,5,low,456.2284242649379,48.0,-2.070348892056607,96.3037358623934,0,62.34180108230248,False,False,0.12884912449887306,False,False
51,restaurant,17,high,426.0590239802005,11.0,-8.93597751622921,95.23402279715253,3,66.55228896942063,True,False,0.20284870866383925,False,False
52,restaurant,15,high,384.872704874232,36.0,-7.4581663033656,83.96911327567983,0,64.32574966124285,False,False,0.24117478730899436,False,True
53,restaurant,10,high,130.92265114205543,16.0,-7.733048852433555,81.1109333049501,0,55.78269586687466,False,False,0.3643210940592212,False,True
54,restaurant,1,high,333.49965582889644,15.0,-0.9784963084826523,93.97840472046408,1,68.50711347162417,False,False,0.0991358723182669,False,False
55,restaurant,10,low,192.77913557170936,1.0,-0.45384025662793803,96.39545399747065,0,73.8112549036887,False,True,0.20692524568450574,False,False
56,restaurant,18,low,219.4319872909954,48.0,1.0712774477867246,93.66229709534528,0,66.84359888977536,False,False,0.12055523544901052,False,False
57,restaurant,18,high,319.4456103458572,45.0,6.813122034898752,100.0,1,51.96923207043582,False,True,0.12339380818495298,False,False
58,restaurant,8,low,392.09863180142327,35.0,2.8952327908732847,95.41456036386887,1,76.99387926770754,False,False,0.12809153192779013,False,False
59,restaurant,16,high,418.1502688969039,37.0,-6.0397757759129655,93.211592760711,1,61.944594243775725,False,False,0.2236500707256082,True,False
60,restaurant,3,high,173.31612813287308,29.0,3.3215754580875574,98.03880868645919,0,63.53745824140451,False,False,0.08793357628976983,False,False
61,restaurant,1,low,453.5425961661948,45.0,-6.667826888925232,96.71194827664847,0,67.8940823077603,False,False,0.11936023412853528,False,False
62,restaurant,19,high,176.68377973900309,11.0,-10.714329682338242,93.83334388208156,0,57.24730043506676,False,False,0.2519798794462528,False,False
63,restaurant,3,low,137.3457332995208,19.0,3.3764537710389786,95.94703645753204,2,72.79369311734759,False,False,0.1321855756205581,False,False
64,restaurant,10,low,254.14913831413847,15.0,1.083809826666638,99.23748456758584,0,52.29708463475706,False,False,0.09586478662282046,False,False
65,restaurant,3,high,149.3184461028459,11.0,-4.48547269498268,97.77211783735406,2,70.32748437877602,True,False,0.1575672937910891,False,False
66,restaurant,18,high,320.1540954699839,31.0,5.698302703167117,94.29671728249426,1,76.92434714385084,False,False,0.07925944642185119,False,False
67,restaurant,1,high,432.9266234725293,33.0,-2.940140237946384,84.44406763734419,1,63.99131918720201,False,False,0.2482034683381444,False,True
68,restaurant,4,high,220.54301446861737,18.0,-1.1291756571781222,96.7143334772342,0,60.504809016684305,False,False,0.1219763962974597,False,False
69,restaurant,9,high,325.4629537909248,11.0,-1.3501024716382717,96.02170881563221,1,65.17143298288883,False,False,0.11283604460922243,False,False
70,restaurant,11,low,234.34302593833667,24.0,-0.7524769843919781,98.66337790937979,2,59.81091962891169,False,False,0.14080213521842852,False,False
71,restaurant,8,low,254.14580991027415,36.0,-3.0633799473610286,98.61700633348866,2,67.11106224205949,False,False,0.1162894267632276,False,False
72,restaurant,5,low,495.3407330657735,45.0,-1.8049223911797845,90.64715093137833,1,76.2717159545028,False,False,0.12960274206838998,False,False
73,restaurant,5,high,302.5619276973622,34.0,-12.19925595965085,79.83115865543155,4,61.75837488635743,False,False,0.35604243350346315,False,True
74,restaurant,11,low,201.9434833871715,25.0,-4.387328355412647,96.20582273055003,2,77.3064622034624,False,False,0.1580805162230644,False,False
75,restaurant,14,low,361.8910090135866,1.0,-10.930816666947699,71.62454306259534,3,50.982603322156294,True,False,0.723649346117411,True,True
76,restaurant,15,high,308.6543803967364,10.0,5.024455935682115,94.04320443241032,1,74.94391593669566,True,True,0.07705346672887696,False,False
77,restaurant,7,low,153.15007782450832,5.0,-8.389738095121876,85.49189364609704,2,58.307942244988325,False,False,0.31485208587721203,False,True
78,restaurant,19,low,142.2948018738418,41.0,4.528839459967785,97.69773735874112,4,51.89727672572627,False,False,0.06201438595918657,False,False
79,restaurant,18,high,434.4227255772134,48.0,-3.416134204070963,99.07146783844716,0,69.27864859747409,False,False,0.12868133595024955,False,False
80,restaurant,10,low,208.8163673059234,11.0,5.294367873704236,100.0,0,58.019823141737064,True,True,0.10643319368248422,False,False
81,restaurant,5,high,425.2119286315333,3.0,-13.91423468453333,78.45496796076435,2,55.78626776831907,False,False,0.31690085134688545,False,True
82,restaurant,17,low,347.726387324072,8.0,2.4787102727939314,100.0,0,72.7414352066902,True,True,0.0819106262624099,False,False
83,restaurant,12,high,330.29875249803297,16.0,-1.5359258026288276,93.31912525184299,1,64.920784039776,False,False,0.18527172058150726,True,False
84,restaurant,17,high,403.56916213398046,30.0,1.5296492790918155,99.89800038771664,0,52.79793635871665,False,False,0.0705653634277358,False,False
85,restaurant,0,low,82.03052256247197,7.0,-3.750295301055209,93.80564025379324,1,57.09117980040692,False,False,0.1510404100949198,False,False
86,restaurant,5,high,411.8960558392939,28.0,-0.380727200282875,79.95252724298444,0,53.910598603491685,False,False,0.18608725414334734,False,True
87,restaurant,17,low,373.78042888293896,21.0,1.0618681602332816,96.80200102230393,1,57.71972123325307,False,False,0.11603497113666617,False,False
88,restaurant,14,low,368.7304716485543,44.0,-0.5642299112934435,89.50987382615766,1,65.96465553347291,True,True,0.23464939830032544,True,False
89,restaurant,13,low,236.28387741407263,22.0,-4.917342466647192,84.0355754750689,0,59.15747746842281,True,False,0.37778756733754454,False,True
90,restaurant,12,high,302.7601363542318,13.0,-15.876723208318618,97.27491359675307,1,59.5631112230009,False,False,0.3664412938036813,True,False
91,restaurant,3,high,181.61470018078157,21.0,-7.877726760006485,94.33254543506246,1,54.22311044024079,False,False,0.1013341943479683,False,False
92,restaurant,12,high,250.0588316268158,29.0,-12.044141512914265,89.88040932020738,0,81.02956714551567,False,False,0.2844534249101893,True,False
93,restaurant,9,low,320.4408478922926,6.0,-11.917080521257738,78.8910682151008,0,72.26301661791061,False,True,0.35782967603823185,False,True
94,restaurant,11,high,635.2540393506144,1.0,-2.4098057665095816,99.73414518014987,1,68.9610953333395,False,False,0.13801604540335294,False,False
95,restaurant,10,high,252.48805236877817,32.0,-4.375281327944321,93.66150990000519,0,72.71605725416156,False,False,0.09694665579690946,False,False
96,restaurant,7,high,323.38988392858386,17.0,-7.85767391949123,79.8967501537191,0,55.559070241700915,False,False,0.30105517546806704,False,True
97,restaurant,2,low,179.4082706689294,32.0,-2.2351412820716847,99.10477429823388,1,59.577038897442264,False,False,0.1162677510432636,False,False
98,restaurant,13,high,202.4915387364178,34.0,-3.7088874323168692,93.54974878155811,0,67.07267335572999,False,False,0.0812541415226445,False,False
99,restaurant,17,high,320.1020853395021,33.0,-3.518284427754166,91.3397024336425,0,72.11081674282718,False,False,0.12800963712349933,False,False
100,gym,16,high,459.5685558757607,41.0,2.781773530722263,96.75208676515773,0,61.206224777683,True,False,0.11961117831751616,True,False
101,gym,3,high,61.235418121390765,3.0,-1.4118342524603271,100.0,0,63.186801641183294,False,False,0.059881018927227296,False,False
102,gym,14,low,163.88186752195404,24.0,-1.7463263357492664,92.74548100541654,0,51.23692146148012,True,False,0.2730964442159396,True,False
103,gym,15,low,131.69921009027337,6.0,-11.10185313542412,86.96132626858817,2,70.28063095288786,False,False,0.1599496048837182,False,True
104,gym,14,low,183.43395521623853,29.0,-9.142119990924401,91.05313485522132,0,70.45024771285497,False,False,0.11267192651458688,True,False
105,gym,19,high,155.90395967480956,5.0,-4.352122157113474,78.74947879713287,1,63.573906805730516,False,False,0.18603268359315103,False,True
106,gym,10,high,217.5485494716696,40.0,7.82144851415049,100.0,1,56.32056983556906,True,False,0.030904399597350616,False,False
107,gym,7,high,401.2864005716439,10.0,5.410368963393861,100.0,1,70.87965300520717,False,False,0.05170960747002568,False,False
108,gym,2,low,107.36283347715714,17.0,6.707534082838972,100.0,1,69.5609778512585,False,False,0.07138039207911304,False,False
109,gym,12,low,232.27758122865907,3.0,0.45132902800389463,93.84449689634398,0,60.31504852576588,True,False,0.15262815804713428,True,False
110,gym,17,low,288.7298639677765,43.0,-2.4988701066475105,99.16587581775705,0,64.85527510339655,False,False,0.07677519455398936,False,False
111,gym,8,low,214.2698676161889,43.0,3.0224786197976767,99.37545946127223,0,77.52184094858421,False,False,0.05352183531547177,False,False
112,gym,6,high,317.1455555233755,38.0,0.5596976325729104,100.0,0,71.92592099163961,False,False,0.04851839100430796,False,False
113,gym,5,low,206.4877452916531,1.0,-9.860558092160742,79.64426132989891,1,78.7236891540363,False,True,0.3442863302264316,False,True
114,gym,6,high,261.50043545586533,12.0,-8.431944395635096,82.69963565195296,4,67.62320409214979,False,True,0.18223463160080397,False,True
115,gym,0,low,84.1155074687223,40.0,7.406833949550919,100.0,1,49.200109509301186,False,False,0.05692736905198376,False,False
116,gym,17,high,247.7239800671913,12.0,-11.28980206967977,77.10715146280508,1,65.17069202674494,True,True,0.34568491814837815,False,True
117,gym,3,low,102.351174095793,28.0,9.849864425888295,100.0,2,52.337199955473544,False,False,0.03517479352130727,False,False
118,gym,14,high,251.18276116725525,16.0,-3.369963233660364,83.24389103557765,1,46.6520339904378,False,True,0.32728651351073185,True,True
119,gym,3,high,112.60342890675156,15.0,12.678112889605654,100.0,1,57.43633944799804,False,False,0.037723924771571056,False,False
120,gym,4,low,105.17093372474176,10.0,0.8574213815118963,100.0,1,69.32771731513824,False,False,0.04284711665386287,False,False
121,gym,6,low,188.8581867825877,31.0,8.574906479039411,98.91865361660253,1,69.24600287435969,False,False,0.041304285140901585,False,False
122,gym,18,low,210.8661991343847,5.0,-1.5579820292230517,83.76866477867212,1,63.81468606122186,False,False,0.13301377576250145,False,True
123,gym,7,high,243.3889622282012,40.0,2.088259222613997,100.0,1,70.52440797604257,False,False,0.050691852093623785,False,False
124,gym,4,low,105.25125605382333,43.0,-3.1389444504227395,100.0,1,52.95454726645278,False,False,0.030673250787492733,False,False
125,gym,1,high,215.70243512581908,13.0,-5.255083168446396,96.89576291039752,2,56.86562682679854,False,False,0.13360210033392864,False,False
126,gym,8,high,224.9812510647909,38.0,-0.8202487704560655,100.0,1,92.7849911484274,False,False,0.07709490059170096,False,False
127,gym,1,low,163.3922892729808,35.0,1.8634833419605652,84.04746256518597,1,53.941101535444524,True,True,0.21063436576600827,False,True
128,gym,5,high,281.30814108147405,30.0,-1.0037264843437663,100.0,2,72.51923685082093,False,False,0.04122379213718074,False,False
129,gym,11,low,288.9664700403161,14.0,4.118995890176989,99.98877367567643,0,69.72585458639581,False,False,0.05905714789418506,False,False
130,gym,0,low,61.805257798342105,35.0,-0.9113493533257655,96.367306442967,1,70.60332796231805,True,False,0.056353414968425976,False,False
131,gym,17,low,176.20192195812018,32.0,3.7724034869506506,96.45260339990307,0,56.08557527508774,False,False,0.053121561741261585,False,False
132,gym,18,low,237.02262221424715,5.0,5.400696343800827,100.0,1,56.58457146061857,False,False,0.05933399139286234,False,False
133,gym,11,low,225.3404188889536,47.0,2.668468853806974,97.1224457230235,0,59.242157460583655,False,False,0.07425150367874743,False,False
134,gym,8,high,169.50170280427872,6.0,6.968516686938969,97.02711741815679,2,70.86832270175907,False,False,0.06737298985801238,False,False
135,gym,14,high,256.0233337457661,34.0,-7.383281917928601,93.9575681014709,0,69.41871695364647,False,True,0.13298223516105154,True,False
136,gym,17,low,104.47439261962973,44.0,13.06591454522172,98.48501792521814,0,64.60446230797069,False,False,0.05208467751311164,False,False
137,gym,10,low,175.2397116753731,1.0,-1.826226800524645,91.85737384431619,3,65.44616270208503,False,False,0.1389112199599466,False,False
138,gym,0,high,79.42951938907319,33.0,8.181388574969343,100.0,2,72.251259415171,False,False,0.04499107186670029,False,False
139,gym,6,high,242.9508893969177,42.0,1.294125099621353,93.35662276116882,1,57.06631605820536,True,False,0.06926156627464342,False,False
140,gym,13,high,198.6248014921229,14.0,1.1499486282337021,97.01880492285171,0,83.07270386821531,False,False,0.07217217051203266,False,False
141,gym,7,high,139.76003162808368,6.0,9.997811873608782,100.0,0,74.6118336429085,False,False,0.05244609838869714,False,False
142,gym,10,high,246.61463965219767,15.0,0.2841886542501282,100.0,2,76.64117938099402,False,False,0.043466056948121654,False,False
143,gym,19,low,156.37540412802886,42.0,0.7896974619498143,86.11256072782527,0,72.6332152323177,False,False,0.07275783381440279,False,True
144,gym,5,high,287.62680245032016,11.0,-1.8386801078774127,91.30112832469186,0,68.1449449854708,False,False,0.1313074742087304,False,False
145,gym,16,low,222.1404738350853,46.0,1.509613712128342,94.90975183678039,0,67.74198420709259,False,False,0.10015005471080324,True,False
146,gym,5,low,107.79502414177544,19.0,6.355306034147843,96.57980665468597,0,75.52668949287623,True,False,0.05384453842390166,False,False
147,gym,14,low,268.12796329393615,10.0,0.36461256633291383,92.54469882192168,1,77.11266501735673,True,False,0.09772836731213216,True,False
148,gym,17,high,356.56270834443563,6.0,-2.9356738782949723,96.68200128843121,1,65.22405405963855,False,False,0.06394209412421259,False,False
149,gym,16,high,393.0636164192404,13.0,-8.864656939615925,95.83680946009942,0,58.27128238562116,True,True,0.26558005233414655,True,False
150,gym,12,high,235.2024229739105,48.0,3.9871391489156216,90.29716272888109,3,57.53505194003647,True,True,0.13933114274412392,True,False
151,gym,9,high,250.19390571218923,41.0,2.495199319969993,96.84169226101915,0,66.02867080179111,False,False,0.08597184899463753,False,False
152,gym,11,low,361.0820387434952,10.0,4.9180012566631905,93.56080989823332,2,59.24371280645975,False,False,0.06492248399568953,False,False
153,gym,17,high,248.871300243532,17.0,4.365726998810853,98.90002011524274,1,80.61792175401047,False,False,0.055578771746124786,False,False
154,gym,3,low,72.20593496436724,4.0,3.226019893152816,96.62401076617505,1,61.841452315736966,True,False,0.07091948594018571,False,False
155,gym,5,low,186.96396789502148,26.0,10.19227909261849,100.0,2,71.0710832999909,False,False,0.0348737357687094,False,False
156,gym,12,low,196.3164036610244,3.0,-2.7889277555813914,94.29146908123688,0,76.72423561148157,False,False,0.15806734801755312,True,False
157,gym,4,high,234.11614733512263,13.0,5.597478834099152,84.84986913448826,0,64.24029132988547,False,False,0.28392511800346043,False,True
158,gym,17,low,239.80462748088817,48.0,4.951649433941909,100.0,1,72.36057153008119,True,False,0.05786745492203386,False,False
159,gym,3,low,98.69696131989303,4.0,-1.194288392939009,94.5370871304093,0,72.82138609086155,True,False,0.10890580547227886,False,False
160,gym,9,low,97.57612226193564,46.0,-0.6572819027379717,98.51756025384111,1,71.94123884689795,False,False,0.038798446593945886,False,False
161,gym,1,low,254.13591677205196,35.0,0.016703092533795427,100.0,4,64.62623200041459,False,False,0.08264393549017718,False,False
162,gym,6,low,246.0194285826921,12.0,-7.665411515547482,77.86827710538672,1,64.80253673691517,False,False,0.3119629609616134,False,True
163,gym,18,low,231.43888672227,20.0,8.072571837200229,100.0,2,72.0412882354546,False,False,0.033774429434779964,False,False
164,gym,12,high,206.03246025332805,17.0,-10.285303429297539,95.28727641440942,2,64.46238779103571,True,True,0.13808966027129002,True,False
165,gym,13,low,174.4604790762311,43.0,11.16258087847513,91.17821266324287,0,64.50902604849098,False,False,0.03289785524449705,False,False
166,gym,16,high,314.25950017734846,3.0,2.953737308355535,93.17582784351414,0,56.42055952527941,False,False,0.1435099264371587,True,False
167,gym,3,low,45.91412362824436,39.0,5.581285633303019,99.34457287089478,0,68.53331326743353,True,False,0.038866830051501246,False,False
168,gym,14,high,294.261949430176,32.0,-2.0460116930600423,92.17716056688238,2,52.87503930016032,True,False,0.16274519218497085,True,False
169,gym,17,high,253.2240538477308,25.0,2.6358565628599204,97.9023726768421,0,73.59009143642841,False,False,0.08027402596447102,False,False
170,gym,15,low,183.52898348806505,36.0,0.6338420761585434,96.74612105376173,0,66.0034202869824,False,False,0.0884849695410042,False,False
171,gym,6,high,332.976980602912,16.0,7.700323614946976,94.23350682833085,1,62.51935661052525,False,False,0.04740647955230087,False,False
172,gym,7,high,243.22303854306955,16.0,3.2415176868307314,90.2845098053998,0,60.6828283999743,True,False,0.09652435606779881,False,True
173,gym,10,high,124.0949424961437,20.0,-3.481988387039256,100.0,1,71.31086394973812,False,False,0.05553041757510056,False,False
174,gym,11,high,384.6670490953081,41.0,8.535111312741208,100.0,0,80.95649039747043,True,False,0.0436556451917871,False,False
175,gym,14,high,247.9888117457628,26.0,0.014701263075628024,97.87883778676695,1,68.62097361078273,True,False,0.07208027772093316,True,False
176,gym,4,low,158.85748696577448,9.0,-0.7113292825145429,88.34749663595842,0,49.616867087710666,False,False,0.12280937243083971,False,True
177,gym,15,low,242.38395774111385,17.0,2.2274153337551588,99.60474618446332,1,71.35524752526726,False,False,0.04918254831206128,False,False
178,gym,13,high,177.15325786558043,46.0,-4.273384982079312,89.7553856431568,0,75.64505899094499,False,False,0.09568212284193077,False,False
179,gym,3,high,145.17387975069053,27.0,9.853157323242502,98.21415533145628,1,74.34767062983151,False,False,0.08354373788991988,False,False
180,gym,1,low,257.95563404356614,21.0,5.6028642460380285,99.59040753357519,1,71.89463805312266,False,False,0.054748497847726965,False,False
181,gym,9,low,374.3981500498511,15.0,2.2547835388542006,95.20525577285215,0,58.01614789723793,False,False,0.12058608459118761,False,False
182,gym,0,low,101.82586234736284,34.0,-0.49892601883456633,97.74654734029107,1,57.525137775652716,False,False,0.08372323301686987,False,False
183,gym,12,low,100.83715765167896,37.0,-4.079403706514201,80.59862341084502,1,59.753353997672335,True,False,0.33776789419657177,True,True
184,gym,3,high,189.3822116055352,25.0,5.760353003430907,92.7535245099342,0,60.670758820625466,False,False,0.10295126216913941,False,False
185,gym,0,low,121.3312332962727,27.0,10.394707479963877,100.0,0,82.3653847338528,False,False,0.03561936316564077,False,False
186,gym,18,high,352.6979958949099,4.0,-8.598141228824527,82.00984670341984,1,73.39869617092981,True,False,0.2579036409696166,False,True
187,gym,17,high,215.81554705963555,37.0,4.263567982285643,96.39846809336967,2,71.82431254732954,False,False,0.08007822790687351,False,False
188,gym,9,low,247.3220859271196,28.0,-1.9029479451106113,93.82772787030716,1,70.6377228683388,False,False,0.057777164303741545,False,False
189,gym,3,low,79.55359361887882,15.0,11.830889011060084,100.0,1,68.66477297982036,True,True,0.03009014080512863,False,False
190,gym,3,high,160.66961153514202,38.0,1.5977325040243189,96.05109134506782,0,71.35170143561557,False,False,0.038405159087971895,False,False
191,gym,15,high,280.94177777037896,38.0,7.600812797702723,99.31583152566604,5,69.88466375551543,False,False,0.0480302030211549,False,False
192,gym,13,low,303.2532789126977,8.0,10.75602941449788,98.2756013844075,0,76.57913781432246,False,False,0.04236226295779702,False,False
193,gym,12,high,185.2174149660582,46.0,1.9386032703870049,95.6064253744189,1,77.19489748615035,False,False,0.17074896288225408,True,False
194,gym,7,high,177.94103611508797,8.0,-1.3065419643008065,100.0,2,66.14381004262009,False,False,0.044950912651283786,False,False
195,gym,6,high,434.7825512323407,4.0,5.526776649370224,99.25714412436653,0,73.90359501820711,False,False,0.07154950272110341,False,False
196,gym,15,low,215.89574975669328,13.0,10.733556536135884,98.28734946063537,1,63.68263169668769,False,False,0.04714622350662304,False,False
197,gym,16,high,251.70929872842416,32.0,-3.483505101892635,94.38224913876788,0,57.13914474312384,True,False,0.14155753469050045,True,False
198,gym,1,high,259.89770818958306,39.0,8.341860249896548,89.5312323758984,1,75.26711306526643,False,False,0.06322693074967349,False,False
199,gym,0,high,79.97227150614269,48.0,-1.6589819157819634,100.0,1,64.79152884561812,False,False,0.09903095880112518,False,False
200,bar,16,low,338.59528157345085,32.0,-17.236532604931217,78.7517239901685,1,54.26442277603102,True,False,0.49452218058668923,True,True
201,bar,12,low,315.0489971434477,44.0,-8.965160200868553,72.52176865962026,1,55.92269463972963,False,False,0.660282787521231,True,True
202,bar,0,high,186.4619681422988,41.0,-2.2681248547952095,94.52613410288798,1,49.78685539348676,False,True,0.15329515458838322,False,False
203,bar,14,high,473.3432195153496,28.0,-10.148346023002816,87.16950633825356,2,55.1698588968135,True,False,0.3678892995231218,True,False
204,bar,0,high,260.230470448779,43.0,1.268358017569441,96.97725180390864,0,70.41312833280686,False,False,0.14530472386998486,False,False
205,bar,5,low,180.43912194861213,4.0,-2.6725072955189035,93.2789311780179,1,65.08264473310629,False,False,0.20117144096221218,False,False
206,bar,0,low,161.17381256032354,22.0,5.3845184101323795,94.04816184719319,1,84.61438426402697,False,False,0.1057063864391129,False,False
207,bar,13,high,429.5287102188885,2.0,-9.616866796603976,94.36368853382089,1,74.22473088680742,False,False,0.23573487325309198,False,False
208,bar,5,high,731.851492078908,9.0,6.814802097275042,83.44740439212114,0,79.16737420771156,False,True,0.1783340760370232,False,True
209,bar,4,high,176.94408593069616,34.0,6.765825710916185,100.0,1,71.76248683258912,False,False,0.0581596113155046,False,False
210,bar,14,low,326.93615676565497,9.0,-4.9122398585476095,95.10152346426176,1,60.905453267008156,False,False,0.26052272738245214,True,False
211,bar,2,low,217.35326771654323,39.0,8.163758975433664,96.35986240200982,0,74.30375792796336,False,False,0.07048421320095986,False,False
212,bar,19,high,296.2108197470737,28.0,-5.593706490363228,100.0,1,66.48907841943065,False,False,0.07958988444916439,False,False
213,bar,11,low,604.277246630164,44.0,-4.232188203180913,91.74680326147389,0,69.89978611243751,False,False,0.10832140449930669,False,False
214,bar,17,low,191.43530751280267,17.0,2.7960830009988045,93.641409786135,0,49.22119989257318,False,False,0.11161367075622387,False,False
215,bar,7,low,135.6828226352257,19.0,-4.807732457812815,92.04932667719329,0,62.78162923043009,False,False,0.15936583541362218,False,False
216,bar,0,low,187.82307846809064,45.0,-1.3159498879172942,91.99685844855165,0,69.36345308969555,False,False,0.16680540573091931,False,False
217,bar,17,low,205.27791444025107,9.0,7.758548240366791,98.25962173584887,2,66.34322724983859,True,True,0.11702355569999674,False,False
218,bar,7,low,162.70497888092777,16.0,-1.603242377970617,93.48057695944777,1,70.64391456965214,False,False,0.12061370556131487,False,False
219,bar,18,low,243.9360750179248,48.0,-8.442027126472732,79.06366069646214,0,57.42374296501062,False,True,0.4188532988021251,False,True
220,bar,15,high,756.7046758294839,7.0,-0.7419950112256088,97.05591590237262,0,80.45329983990544,True,True,0.10086512142876705,False,False
221,bar,19,low,118.11834800788168,41.0,-7.004804779687527,90.9300383707003,0,84.3244266020028,False,False,0.10656675348507318,False,False
222,bar,1,high,592.259509602791,35.0,-4.111520408158554,86.5611571524608,0,53.83587290279459,False,False,0.23341740615252327,False,False
223,bar,12,high,451.88252962304847,16.0,-8.795608482592932,94.10447452732961,4,50.6737751775427,False,False,0.3954131824003336,True,False
224,bar,11,low,415.5634848288468,10.0,-13.797282591361347,89.1544565944936,0,55.93614434523795,False,True,0.2577252453629371,False,True
225,bar,2,low,305.69497138985014,17.0,5.333723836537422,92.91654671260305,1,57.077382596723396,False,False,0.10533195162750847,False,False
226,bar,8,low,226.96626102907572,7.0,-1.8885937737031226,85.45992195756985,1,62.21023384282284,False,False,0.1986421735952162,False,True
227,bar,9,high,267.7673245786043,32.0,-8.135947889353305,81.18798823928532,2,59.57945696728392,False,True,0.3761586237328671,False,True
228,bar,2,high,346.94913726950745,33.0,-3.4794333940620077,96.3827682996511,3,65.28333552657809,False,False,0.21366189856455928,False,False
229,bar,16,high,421.7866391187414,15.0,-11.84788772451296,92.62755428519984,3,58.02793980767877,True,False,0.22658562310336733,True,False
230,bar,11,low,304.37077526826755,15.0,1.6514456608236432,92.12712379081105,0,67.13920988386664,False,False,0.12918555212318075,False,False
231,bar,12,high,369.7830217765614,22.0,-8.735988283623982,91.9374534980978,3,66.37763808285705,True,True,0.29083878530845003,True,False
232,bar,16,low,278.9571700663535,7.0,-0.8702626504109627,91.69594386353417,1,66.97852425590908,False,False,0.26443347195978634,True,False
233,bar,13,high,318.2207458495928,43.0,-7.171866450871949,90.66112121249769,1,77.19621186844353,False,False,0.16614722455377048,False,False
234,bar,13,low,254.72772562221684,37.0,-0.24366510517184015,89.0791226016715,1,64.65889373017863,False,False,0.17538045459165813,False,False
235,bar,12,high,225.91246118607475,35.0,-8.817387912650545,78.04639567190932,0,50.76870362189602,False,False,0.4946701753198706,True,False
236,bar,12,high,435.521812082702,46.0,-4.672168132624687,93.37815466086263,1,61.560254125020364,True,False,0.27950856327747375,True,False
237,bar,6,low,563.8914086068593,16.0,2.049323545571199,86.48525824217974,0,77.09445245063645,False,False,0.22713236006104806,False,True
238,bar,18,low,403.4535034569531,1.0,-8.81061330769173,91.23944846955168,1,52.635374163148434,False,False,0.4327633101103392,False,False
239,bar,17,low,349.88885256773773,6.0,-3.413462573933261,93.30058457406227,0,53.6006354266525,False,False,0.15042240896132372,False,False
240,bar,17,high,683.9763845770863,34.0,3.346151164937494,93.6765429378371,1,84.8523502916251,False,False,0.06902380632196516,False,False
241,bar,3,high,284.1959850439724,18.0,-1.6589809570874143,100.0,1,57.58991919396716,False,False,0.06772575903634749,False,False
242,bar,14,high,449.6090954995483,33.0,-1.528314245647585,92.0672463430554,2,57.20188892514822,False,True,0.34118110929815426,True,False
243,bar,17,low,188.7124644039241,35.0,-4.190275437956512,87.24839337364953,0,73.69089846942812,False,False,0.2259900380079935,False,False
244,bar,12,high,621.6765340842175,45.0,-14.295989440094006,93.91417973039022,1,51.6062311417008,False,False,0.34228558944073817,True,False
245,bar,11,low,206.23422181287413,21.0,-1.5136489008936773,90.70074983720754,2,61.652899740067596,False,True,0.15320167339962634,False,False
246,bar,15,high,423.4490090432576,44.0,-2.2065020688978487,97.58704528824421,0,53.80353809089782,False,False,0.09444420826188729,False,False
247,bar,14,low,81.75381419268938,27.0,4.065775857791353,90.30338420371338,4,68.65310358251993,False,False,0.19766242156426203,True,False
248,bar,5,low,301.7759421137273,47.0,-2.03864686680013,93.90099358036674,1,53.5436065803552,False,False,0.1456564277613422,False,False
249,bar,4,high,330.2983569784432,2.0,-9.182986744655583,81.27234890981259,2,59.983967845008884,False,False,0.3752608039829438,False,True
250,bar,8,high,473.1328825574945,18.0,5.263529162971386,97.10739857660145,0,77.632425051325,False,False,0.07957399148613256,False,False
251,bar,16,high,477.0065019775576,42.0,-7.198325297472844,95.8220794657391,1,67.48802950696582,False,False,0.2558808853918342,True,False
252,bar,19,low,171.28327249070983,5.0,-0.5205542418838072,96.14767310093411,1,69.60905117972774,False,False,0.136579598103243,False,False
253,bar,10,high,702.013197193681,8.0,-7.128788514683933,90.52251876740593,1,61.54967735225069,False,True,0.16987489287836985,False,False
254,bar,16,low,406.4706862116928,38.0,-7.390948058631896,86.87670865282844,1,56.06274702284285,True,False,0.3001203929598311,True,False
255,bar,17,low,261.6541620912226,9.0,-0.8988921499902631,99.61880368503105,0,71.65009865206402,False,False,0.0947213522801781,False,False
256,bar,8,low,403.2584793740239,10.0,-5.890719702389453,94.13269653814102,2,76.28139860239281,False,False,0.10489756068287778,False,False
257,bar,5,high,459.68525741539,42.0,-9.943231620314341,79.09847308833032,1,69.61031896652156,False,True,0.3128043469634828,False,True
258,bar,13,high,331.9390245564717,19.0,9.747167933338975,93.63011254615837,2,56.57835946977943,False,False,0.06200181607873276,False,False
259,bar,16,high,395.9848073187431,14.0,-4.976550283527791,89.97979725343262,3,70.50907798094231,False,True,0.2165562938377955,True,False
260,bar,12,low,89.73418702869223,31.0,-6.300165540944189,94.9033810231079,0,65.42324484728789,False,True,0.2375757439391336,True,False
261,bar,13,high,625.0442655763048,19.0,-5.423509233660985,91.73584149407796,1,76.35963283097112,False,False,0.15929163617440775,False,False
262,bar,14,low,304.7677568124136,13.0,-12.981586456805516,85.58136539431224,2,50.40364056755037,False,False,0.39746933496037545,True,False
263,bar,19,high,154.61128993296285,4.0,-8.053268831594075,91.59830371749489,1,74.99225237062096,False,False,0.15941192590585465,False,False
264,bar,12,high,329.764866432831,6.0,-11.542267067073304,87.77612924778627,0,65.13671824269451,False,False,0.3551993615488706,True,False
265,bar,6,low,353.96332809143644,26.0,-6.392827505546097,94.9169359855802,0,69.26439202515624,False,False,0.10790500528817919,False,False
266,bar,10,low,262.233606336074,42.0,5.908900896849779,97.6336505679017,2,67.5789082405317,False,False,0.1379403306983649,False,False
267,bar,2,high,151.06480086681975,48.0,2.6992224673742315,91.51208772405873,0,62.2149317097624,False,False,0.17784426494040378,False,False
268,bar,2,low,241.47081852093947,28.0,3.4230948580575773,95.51053165771033,2,74.36055283381629,False,False,0.127108054777716,False,False
269,bar,8,low,280.30276690756654,8.0,-5.482662461900505,97.77233086207053,0,60.70683806723757,False,True,0.129861063145861,False,False
270,bar,0,high,355.822474602429,2.0,-7.646545341218641,92.65199927145396,1,59.73101432886435,False,False,0.2532253880455269,False,False
271,bar,0,low,97.88557451146576,43.0,3.5803425957540083,96.47902189170414,1,57.32761552716564,False,False,0.07433923422779862,False,False
272,bar,11,high,571.4694529512508,32.0,-3.7736699737177957,92.77483496098438,0,64.22129133481758,False,False,0.19397780777024387,False,False
273,bar,6,high,610.9547215749266,28.0,2.9039383866838637,95.76214995407294,0,60.212446907267285,False,False,0.08905122895078955,False,False
274,bar,7,low,171.71422222975443,26.0,-6.128445388176398,95.30789698674502,1,70.35907114806723,False,False,0.17235605265763898,False,False
275,bar,10,low,350.65887477372064,26.0,-2.848546314119434,97.39222442052933,1,57.21263560704523,True,False,0.10011752723103227,False,False
276,bar,6,high,435.1406849309571,36.0,-13.405385047067336,71.83194847594096,1,65.82748111657024,False,True,0.5215253593957584,False,True
277,bar,4,high,347.38984573720575,35.0,-0.5541692953584727,95.40748886978497,3,67.85793077990425,False,False,0.21176328552891416,False,False
278,bar,15,low,288.0102089240371,23.0,-3.312953112655086,88.70413425570591,1,60.31104635973185,False,False,0.2550319353545901,False,False
279,bar,7,low,120.84117476105877,35.0,-15.95224194726587,79.33723543415292,0,54.83064384925938,False,False,0.6016795935496959,False,True
280,bar,15,low,276.3091842135064,8.0,-1.9444453518226288,82.52643011053921,3,60.95172527502116,False,False,0.2930899687761514,False,True
281,bar,17,high,477.9205796662287,42.0,-12.58633517550992,80.91904292234557,1,60.2509035113238,False,False,0.35361934629777986,False,True
282,bar,6,high,547.3805575671931,20.0,-1.0407988616727955,100.0,0,66.48615982484252,False,False,0.07712539566157064,False,False
283,bar,8,low,445.9775368362606,12.0,-6.670403850393209,93.08184890162241,1,67.602293687607,False,False,0.2857424039749819,False,False
284,bar,10,high,488.1656758501612,37.0,-4.139431158922985,92.6381781396349,1,68.59030317464237,True,False,0.21096241284180736,False,False
285,bar,16,low,421.4826444684192,22.0,-4.538510662155618,87.87643985962313,0,64.48026003889908,False,True,0.27361963357655306,True,False
286,bar,7,high,369.98195212978686,41.0,9.655169434863328,95.68185211924524,0,72.8895777411451,False,True,0.0945967021374111,False,False
287,bar,7,high,173.46011110893653,4.0,0.551438886722889,94.67452439997317,0,58.500834306128624,False,False,0.23092446650282722,False,False
288,bar,11,low,147.80794088912177,12.0,-10.192171016816989,89.5469775344695,1,68.35338838412731,False,False,0.18398047873260062,False,False
289,bar,1,high,285.4287026851886,21.0,-4.097987233570738,92.69787353694319,1,65.93435813213169,False,False,0.11858730689040335,False,False
290,bar,16,high,420.9292150581241,7.0,-5.989409395814539,91.37358800243759,0,59.68650527932456,False,True,0.2398975197755905,True,False
291,bar,1,high,761.0912157712928,17.0,-12.671184807692006,79.57839415357826,3,67.74532983126434,True,True,0.4061688612393886,False,True
292,bar,7,high,164.4552987122831,30.0,0.9577475689076715,95.08953474201482,0,73.97265524840606,False,False,0.1067013512488115,False,False
293,bar,11,low,341.8499291751793,31.0,0.7406707544715747,100.0,2,76.37602360161131,False,False,0.11877800124335997,False,False
294,bar,9,high,531.3324608019745,38.0,5.413786799473046,96.35775018873944,1,85.45027359624804,False,False,0.09912142569226806,False,False
295,bar,9,low,385.9599820172333,35.0,-6.946441864318087,95.70702873472308,1,52.672906525109525,False,True,0.13399467678337718,False,False
296,bar,17,high,370.93007614562936,24.0,-5.413825970797258,92.04833713669356,0,66.39876905162411,False,True,0.22086939946400824,False,False
297,bar,11,high,681.3197929523191,1.0,-16.71485216973748,87.72463508577901,1,60.99832750659776,False,False,0.31075415775727194,False,False
298,bar,2,low,114.26434351046306,43.0,-9.863629160887005,90.89949553161574,2,61.09931295788378,False,True,0.11543266382482505,False,False
299,bar,13,low,294.1490310910007,32.0,-0.8641322557215787,98.41187733804499,0,48.58733870209226,False,False,0.08042700943067917,False,False
300,waiting_room,13,low,73.74498002751653,20.0,-0.6606509491436807,78.73960199743365,0,78.62134278998712,False,False,0.11594516374463962,False,True
301,waiting_room,2,low,110.13055549672367,17.0,3.2278599460326283,100.0,2,75.89171762508677,False,False,0.05080984189603214,False,False
302,waiting_room,0,low,33.119757010275315,3.0,-6.2088373265067,96.66901825204557,1,61.40049653279708,False,False,0.10227753208188786,False,False
303,waiting_room,7,low,44.586402025732944,48.0,6.609549421907581,95.80012150279606,1,67.94244128522618,False,False,0.09589080182229241,False,False
304,waiting_room,1,high,157.73855944081868,41.0,3.203460742024898,100.0,0,66.02020812262963,False,False,0.04728599284616446,False,False
305,waiting_room,14,low,47.84180503131481,13.0,-8.271668786199331,90.55085954355852,0,73.87834143644297,True,False,0.1909688735689926,True,False
306,waiting_room,1,high,154.2300872930642,46.0,3.7861908720981123,98.06888708193912,2,64.47490509118957,False,False,0.03822048935130331,False,False
307,waiting_room,8,low,97.73331502437485,23.0,3.7213918930659995,77.72435416437025,0,73.61251509898732,False,True,0.1917888241011071,False,True
308,waiting_room,8,high,80.79793153244259,43.0,12.508654986438478,94.76358425602905,1,74.39410986291871,False,False,0.028394652456756164,False,False
309,waiting_room,5,low,46.47526902959797,11.0,-7.0409508148965,93.87474479759754,3,68.48698166154436,False,False,0.1055370694743242,False,False
310,waiting_room,0,high,51.36130022225035,33.0,5.804562560570004,89.80558881930057,1,68.92590271387182,True,False,0.04327024909738747,False,False
311,waiting_room,17,low,43.07142941654611,39.0,5.594662761288002,99.53787187793475,0,68.01731269224372,False,False,0.04927161695348639,False,False
312,waiting_room,8,low,64.547084759019,28.0,1.9301257227605362,81.63862502139125,0,72.48978545505797,True,False,0.06721769196539626,False,True
313,waiting_room,19,low,12.419571463043624,20.0,14.99469125468008,100.0,1,62.28841545181065,False,False,0.023689619419840355,False,False
314,waiting_room,17,low,68.59450108393426,30.0,3.975686045082722,100.0,1,69.56607450543098,False,False,0.04999403068785164,False,False
315,waiting_room,6,high,165.25202832973187,34.0,-10.794692925815276,83.94856044526381,2,65.54649969339053,False,False,0.18689497755729945,False,True
316,waiting_room,13,low,89.18661497614649,26.0,8.408968427417806,100.0,0,69.92618450720668,False,False,0.02935052501654629,False,False
317,waiting_room,19,low,57.25048005118165,7.0,9.744509616895023,100.0,0,89.04090653049643,True,False,0.05969967695367519,False,False
318,waiting_room,3,high,85.58318735012486,40.0,5.475579885604478,100.0,0,57.91627957255365,True,False,0.06004620377330958,False,False
319,waiting_room,11,high,151.154672217216,26.0,13.55572051507836,100.0,0,78.29170837156889,False,False,0.034898364265147135,False,False
320,waiting_room,0,low,41.0448265966805,45.0,13.401922794310854,88.39423631806338,2,69.47014654126984,False,False,0.08740945395279913,False,True
321,waiting_room,17,high,227.9695259257971,37.0,8.143134447392844,97.23405687174515,0,70.26176391892454,False,False,0.054045958418190335,False,False
322,waiting_room,11,low,49.313150761722575,2.0,-0.2264506826629189,100.0,1,61.68988806889478,True,False,0.07452222998381458,False,False
323,waiting_room,3,high,51.34424475885312,44.0,6.547009047132405,100.0,3,66.91755960046332,False,False,0.03858180722881457,False,False
324,waiting_room,2,low,60.65663092208958,7.0,11.798585918760136,100.0,1,80.21571438693516,True,False,0.026721338591846125,False,False
325,waiting_room,6,low,94.20085811746011,35.0,3.2846258998696887,94.10860091456483,0,59.131529569520005,True,False,0.09292382847120573,False,False
326,waiting_room,9,low,39.33331710574856,23.0,9.705020093273177,99.159861705332,0,74.50050318965427,True,False,0.0636874833089632,False,False
327,waiting_room,9,low,78.5597983160863,8.0,10.506395596554789,100.0,0,67.9031265803816,False,False,0.015060866198305189,False,False
328,waiting_room,1,high,169.69191211676113,36.0,5.49962610247697,94.47974848854565,0,65.4922609371735,False,False,0.10615813819966075,False,False
329,waiting_room,4,low,53.11591533561911,38.0,7.634041859498379,96.98170692779274,0,65.43158929588243,False,False,0.06268503982452842,False,False
330,waiting_room,3,high,43.17847037619818,14.0,8.304971655288588,96.01551321765724,1,71.82703969072942,False,False,0.04156579125793732,False,False
331,waiting_room,1,low,76.38018162208688,28.0,0.22819358550162194,100.0,0,74.2935052802488,False,False,0.05812086439729989,False,False
332,waiting_room,17,high,88.1341262330444,13.0,11.500453197560288,100.0,0,79.41296778881265,True,False,0.04104638099065165,False,False
333,waiting_room,8,low,65.79059670342612,2.0,2.236705509891624,82.8244186033874,1,67.66425872460329,False,False,0.1898312967438215,False,True
334,waiting_room,1,high,110.3410399257861,36.0,-0.12761469968520522,98.60457833546769,0,61.53641950626645,False,False,0.05037466449004122,False,False
335,waiting_room,6,low,55.21092439002739,48.0,3.212444720842062,100.0,1,70.15737937394557,True,True,0.07819443318587643,False,False
336,waiting_room,8,low,68.86701226670986,36.0,7.646773554567176,99.65350836472936,0,75.91487700911713,False,False,0.0594640601852118,False,False
337,waiting_room,11,low,133.8852383856612,25.0,0.8273369884873955,100.0,0,60.800973404266514,False,False,0.08413381641075027,False,False
338,waiting_room,4,low,46.22933960875115,9.0,10.688198769087403,99.99492151421029,2,77.47882711615395,False,False,0.05948914105292567,False,False
339,waiting_room,2,high,86.41857242204854,12.0,4.048337224329796,100.0,0,59.204904206978064,False,False,0.0931789888507822,False,False
340,waiting_room,11,high,159.14016607224696,36.0,-0.817210062609723,94.97557096026667,1,60.25184360804376,False,False,0.10195724561157617,False,False
341,waiting_room,17,high,133.33579223399792,1.0,-15.087285691453008,84.24760623962199,0,56.67792859377607,False,False,0.3665207286786719,False,True
342,waiting_room,17,low,103.21754259627969,44.0,13.618247045127312,100.0,3,67.71515942344857,False,False,0.021394900506901647,False,False
343,waiting_room,6,low,60.253588341113634,41.0,0.4706557856153446,80.88333670205017,1,69.84081300132797,False,True,0.14445820356802214,False,True
344,waiting_room,16,high,82.34075942261158,48.0,-8.623986297919803,82.88731074609278,1,54.293433085411124,False,True,0.3409926550552477,True,True
345,waiting_room,6,high,178.27535851714745,1.0,-3.834876136223042,92.2567534182192,0,63.77711138544502,False,False,0.12233115790060461,False,False
346,waiting_room,12,high,103.84569857373896,15.0,-0.028893329074084484,98.03451058925012,0,64.25175993134344,False,False,0.06802955092824294,True,False
347,waiting_room,5,high,99.08961507816856,20.0,12.857767962275439,100.0,0,61.69237983304999,True,False,0.022014157886820845,False,False
348,waiting_room,14,high,120.51956794236646,43.0,5.489821825013096,91.16906621049904,0,54.94802950821237,False,False,0.09113547946748468,True,False
349,waiting_room,4,high,94.1265983654078,2.0,-7.68510437098327,80.22241781877027,0,62.72864020387589,False,False,0.22217615621446346,False,True
350,waiting_room,5,high,126.8527977636578,31.0,-3.5705403306260095,99.0853894789558,0,53.87003861200959,False,False,0.06787624001291233,False,False
351,waiting_room,14,high,103.6592975442924,2.0,-9.819131381967143,93.14761802447849,1,68.30168968010264,True,False,0.26239548888732767,True,False
352,waiting_room,5,low,55.68100350981028,42.0,12.398894072854532,100.0,1,48.075824447244415,False,False,0.03065505212864996,False,False
353,waiting_room,4,low,51.48685582017806,19.0,6.711456174273186,100.0,1,75.37120910412287,False,False,0.06344341704187678,False,False
354,waiting_room,6,high,214.3988836947472,18.0,4.805543606600979,97.24134485438259,0,60.96885354784693,False,False,0.05930893656032937,False,False
355,waiting_room,3,low,22.285562012557204,26.0,8.291875864394466,98.19389582472249,1,77.95719595472872,False,False,0.028353914402675474,False,False
356,waiting_room,13,low,81.17674190695007,37.0,-2.9388571163848844,98.44101561656242,0,79.42308225154056,False,False,0.08317936690040979,False,False
357,waiting_room,1,high,149.09154358598855,17.0,9.289761801013434,100.0,0,69.80170502153062,False,False,0.05934371033127702,False,False
358,waiting_room,17,high,73.3847150974636,15.0,14.13122388200114,100.0,0,70.53737759048985,False,False,0.025846416985331785,False,False
359,waiting_room,11,low,136.22259049528833,36.0,-2.4067050223544104,95.55618283454707,0,75.46345030449211,False,False,0.07638141703801919,False,False
360,waiting_room,4,high,59.27620176781053,47.0,10.180507058113818,100.0,0,45.9450422798613,False,True,0.07796546062127896,False,False
361,waiting_room,5,high,159.50068670015432,25.0,-10.343638333032327,78.05440914377937,1,59.93461472546758,False,True,0.2714715050985674,False,True
362,waiting_room,2,high,69.48302775689649,9.0,9.239273721121778,95.91094176849083,0,64.22574572468622,False,False,0.04588547950180175,False,False
363,waiting_room,18,low,74.7731617362759,17.0,8.940525347233827,85.82501831755306,0,71.97553805962956,False,False,0.06936761843857836,False,True
364,waiting_room,13,low,80.26135347220698,20.0,-1.566206556286109,97.42071245619212,0,65.04577562331328,False,False,0.06412232160239584,False,False
365,waiting_room,9,low,95.2284428792957,24.0,1.6382140843417048,99.60285644715746,1,68.31014648023906,False,False,0.05180081921303086,False,False
366,waiting_room,19,high,87.2726783069691,48.0,-1.1860840339886423,98.99842125222335,1,50.531591264427476,False,False,0.06802787592261512,False,False
367,waiting_room,18,low,109.9923517643626,9.0,15.007403249180957,99.69125430275093,2,61.193629730519355,True,False,0.03383945907843724,False,False
368,waiting_room,16,low,59.87425995251012,35.0,-3.9315274370905158,96.65493764230399,0,57.759770486064035,True,False,0.1887058659205975,True,False
369,waiting_room,15,low,68.31421275720655,33.0,8.024423712585948,98.68399200266704,1,61.22724014671955,False,False,0.07182396052309344,False,False
370,waiting_room,17,low,48.48342703221807,19.0,-6.3099542227521,78.54501856149314,1,67.39696089135587,False,False,0.17445194337829312,False,True
371,waiting_room,4,low,42.112850109678256,39.0,3.0170676724413554,96.7112943403456,0,60.69230320389846,False,True,0.04458483334989008,False,False
372,waiting_room,17,high,150.60805487841677,24.0,-0.0100424238710064,96.45227414311807,1,79.68062935248751,False,False,0.10221727564834054,False,False
373,waiting_room,2,high,122.92079427836669,37.0,-7.661567580818736,98.77819651548229,1,61.15724617062599,False,False,0.10749267858675982,False,False
374,waiting_room,5,low,117.27618867196068,10.0,0.6602510289278927,98.21326340153266,1,63.41470540703798,False,False,0.059455579426795316,False,False
375,waiting_room,17,high,159.34878599214613,35.0,7.853498782899781,97.0770998708496,1,72.19776607721221,False,False,0.074083252671685,False,False
376,waiting_room,3,high,59.41680228800725,35.0,8.128521743878618,95.42325749254381,1,74.92672662230687,False,False,0.07614927625854227,False,False
377,waiting_room,12,high,105.31738197979963,20.0,6.09524362871746,94.41371583990208,0,64.1578034876935,False,False,0.08504320388196923,True,False
378,waiting_room,2,high,105.35088809651708,6.0,-4.033673326018793,86.37592531675624,1,52.588568782620044,True,False,0.20943517179523582,False,True
379,waiting_room,9,low,69.9474430308748,28.0,5.868917259681137,96.22101539955234,1,69.24595940840567,False,False,0.049037272821949994,False,False
380,waiting_room,3,high,38.80402645967904,16.0,8.888871886804383,100.0,1,68.81340504477133,False,False,0.03290594659098219,False,False
381,waiting_room,6,low,60.70544910585859,38.0,3.5503057435830745,100.0,0,56.58694180518408,True,False,0.0513233368306192,False,False
382,waiting_room,11,low,87.75704099169025,21.0,1.1269334713060148,94.37814371700345,0,60.86760898816011,False,False,0.05965629797710643,False,False
383,waiting_room,19,high,67.37895163563047,19.0,-4.089267353182431,100.0,1,65.7834147223547,False,False,0.04341432325511484,False,False
384,waiting_room,6,high,132.3558866903618,41.0,2.8412746962098874,100.0,0,77.16273192290802,False,False,0.03393856152802699,False,False
385,waiting_room,6,high,156.69429683509696,16.0,6.726630590808941,100.0,1,77.38167467713909,False,False,0.032475634790082746,False,False
386,waiting_room,13,low,68.74876340997541,39.0,7.726052795692883,100.0,0,85.85319282527215,False,False,0.05008452213412924,False,False
387,waiting_room,11,low,168.26907107082698,31.0,10.463306889311598,100.0,1,60.59183259745572,False,False,0.02918580439867898,False,False
388,waiting_room,13,low,75.50450815816701,32.0,10.748824406794665,98.87730825291452,1,62.57174108394236,False,True,0.04707724247541747,False,False
389,waiting_room,18,high,128.4386583918963,30.0,-1.415551276560307,87.1215814828207,0,67.22835435959152,False,False,0.125842648238386,False,True
390,waiting_room,1,high,156.48792269555932,35.0,7.52508607646079,92.74343695134509,1,61.79388174992445,True,False,0.07996440095366295,False,False
391,waiting_room,1,high,111.3837896626336,13.0,10.2096197897915,100.0,2,65.99295612926586,True,False,0.040683932097239715,False,False
392,waiting_room,12,high,141.79517933336024,26.0,0.837589914542013,94.8807091684201,0,66.64975219003982,False,False,0.08471463684219467,True,False
393,waiting_room,7,low,57.795956968433856,9.0,11.998552096792075,96.78211595175813,0,78.16073093142953,False,False,0.035457178652689804,False,False
394,waiting_room,14,high,169.0446533649676,31.0,1.485251616192484,97.90057989199414,1,59.58730617062123,True,False,0.1282520097923115,True,False
395,waiting_room,9,low,39.68153038622701,1.0,-9.297695697553195,90.38364735721844,3,68.00551732277964,False,False,0.15225722475630518,False,False
396,waiting_room,15,high,54.71651209860829,28.0,4.060469773795739,89.25215370281944,0,66.16244583301595,False,True,0.09019993476435255,False,True
397,waiting_room,2,high,126.31278063650592,14.0,4.23610638673513,96.89268997517037,1,54.61607326993274,False,False,0.04947693490645542,False,False
398,waiting_room,19,high,82.50481993490064,25.0,-3.526406318887119,94.70112740528948,1,59.647833601760446,False,True,0.10000845526547603,False,False
399,waiting_room,16,high,125.69248631997992,17.0,-2.721026599860413,99.09600200016153,1,70.85954509881822,True,False,0.08883759223945402,True,False
