venue_id,venue_type,geo_cluster,baseline_level,dwell_time_min,screen_count,audience_quality,traffic_tier,pool,rct_arm,geo_demand_multiplier,true_ad_revenue_potential,monetization_efficiency,thin_coverage_market,individual_execution_gap,realized_ad_revenue,calibrated_lift_feature
0,restaurant,2,419.5753892706416,43.87611240149561,3,0.7964042364697145,high,rct,treated,0.8075273088415456,474.52786217825246,0.589029927594909,False,True,295.67708757320696,18.693631048664304
1,restaurant,8,241.0388042192476,24.272257856127865,3,0.7175436329290225,low,obs,,0.9985524773283811,269.71651853443615,0.4881658299779665,False,True,152.40222356079084,18.693631048664304
2,restaurant,15,492.6029078132333,33.52848627918072,2,0.6664899034151077,high,obs,,1.0339918143594733,512.816277174047,0.6922887810571736,False,False,327.68127305379556,18.693631048664304
3,restaurant,16,480.8292573646817,39.87054988052921,1,0.4493726455005724,high,obs,,1.1863315924054103,416.0526224625771,0.5941710718171102,False,True,252.8426737355275,18.693631048664304
4,restaurant,0,343.92696322344125,44.8403539765846,2,0.6049515132618521,low,rct,holdout,0.812320009776488,291.13468929525095,0.6490930669001079,True,False,192.02630066546004,18.693631048664304
5,restaurant,16,392.2414712454516,38.99702618581297,2,0.4290683532219482,low,obs,,1.1863315924054103,389.85931093979355,0.9562532890158065,False,False,388.58302075541894,18.693631048664304
6,restaurant,9,511.68154014203407,31.688280352597936,1,0.4553888680984605,high,obs,,1.010749464328485,355.42026342630186,0.7973958616011316,False,False,344.7329068633129,18.693631048664304
7,restaurant,4,328.8180326132915,48.01408951455328,2,0.5786504770887694,low,obs,,1.0275822800548309,351.9036365778747,0.627845197498774,True,False,209.302299932555,18.693631048664304
8,restaurant,12,543.6708854165768,36.19058668635338,3,0.7236899650025312,high,rct,treated,0.8144217863374531,551.3679230088167,0.7158785060746108,False,False,363.16864193395486,18.693631048664304
9,restaurant,14,357.759756655644,26.20925708332928,2,0.5291205268582746,low,obs,,1.0776802168048698,321.9281637225014,0.8295130305386063,False,False,278.55385094554526,18.693631048664304
10,restaurant,14,330.06271972897366,41.55030826915884,3,0.5311128389885708,low,rct,treated,1.0776802168048698,389.269423423632,0.8191617721463558,False,False,275.489910693751,18.693631048664304
11,restaurant,18,611.760966982385,43.08888622752417,1,0.5047422157181245,high,obs,,1.061786816780963,513.9719801513858,0.8754177776741344,False,False,450.3556575300002,18.693631048664304
12,restaurant,14,357.48110089118643,43.839803932869415,1,0.6305065927146959,low,obs,,1.0776802168048698,344.9470756191443,0.8592532504038114,False,False,272.4544050132256,18.693631048664304
13,restaurant,18,375.8590191838323,37.37625927162768,2,0.6846605377481843,low,obs,,1.061786816780963,420.9224188928638,0.47337640397524666,False,True,205.97139262386398,18.693631048664304
14,restaurant,6,494.489993900772,33.83286883456772,2,0.699342979370573,high,obs,,1.1629429608386825,596.7710064819397,0.8151595073074999,False,False,484.5526878546223,18.693631048664304
15,restaurant,14,405.73047490220256,38.20264901556525,3,0.732172848814613,low,obs,,1.0776802168048698,557.1011444954927,0.804228733087752,False,False,479.90782066002583,18.693631048664304
16,restaurant,16,401.5433835391281,30.050796698019106,2,0.4530132434067312,low,rct,treated,1.1863315924054103,380.67195439481736,0.8257605772551356,False,False,320.04645163527897,18.693631048664304
17,restaurant,18,309.2691296113717,46.20335174881013,2,0.563611613975147,low,rct,holdout,1.061786816780963,332.7591930124813,0.8348581134940808,False,False,268.79810750023887,18.693631048664304
18,restaurant,8,543.6409104418074,36.559809233987565,1,0.6812239188810421,high,rct,holdout,0.9985524773283811,479.9379397039333,0.7671748072951295,False,False,371.03200858330194,18.693631048664304
19,restaurant,9,320.52814019897545,33.56335325753721,1,0.573163435900032,low,rct,holdout,1.010749464328485,253.98944485229802,0.9203232759342895,False,False,250.7853598967552,18.693631048664304
20,restaurant,4,385.30795740525735,41.556953215642174,3,0.4928066138881373,low,rct,treated,1.0275822800548309,417.22386657047866,0.567783292449187,True,False,224.30927875649246,18.693631048664304
21,restaurant,13,461.55967670578985,40.310303176106025,3,0.4439780456661401,high,rct,treated,0.9486158444409548,434.48831173943654,0.9947599795552943,False,False,442.34469744488166,18.693631048664304
22,restaurant,16,424.8761412565137,37.26874381821264,2,0.5578964031419253,high,obs,,1.1863315924054103,474.3363436817378,0.9096673004539289,False,False,460.65918193653357,18.693631048664304
23,restaurant,0,419.7470997782217,36.16957371901592,1,0.6586426804532606,high,rct,treated,0.812320009776488,294.76591834896703,0.5613119013465587,True,False,177.10777130207262,18.693631048664304
24,restaurant,11,454.15701426934834,30.44290223352188,3,0.3927249695836448,high,obs,,1.2417115693927145,488.6966726264363,0.8929324590977011,False,False,428.5626286428474,18.693631048664304
25,restaurant,1,448.8324424314603,32.409623328812614,2,0.5452089994522585,high,obs,,1.0566406771193153,423.91829735436556,0.9146133100836285,False,False,401.4517694169938,18.693631048664304
26,restaurant,16,380.01963841312295,41.33236419283977,2,0.5229378520548167,low,obs,,1.1863315924054103,423.48979801128326,0.7888947789649547,False,False,285.31441322662386,18.693631048664304
27,restaurant,2,427.84462202571785,43.70400995174006,1,0.3114546911993413,high,obs,,0.8075273088415456,221.81871855962373,0.8852286777356617,False,False,186.88352435115215,18.693631048664304
28,restaurant,9,327.187957013531,29.139743730142243,1,0.5927288545539189,low,obs,,1.010749464328485,254.42891173524436,0.5863543120863502,False,True,137.5119347575442,18.693631048664304
29,restaurant,13,377.0021159272262,50.79997638293847,3,0.5702323079313998,low,obs,,0.9486158444409548,435.1133571062643,0.7747908027129015,False,False,331.32771949247524,18.693631048664304
30,restaurant,3,560.056232113649,35.19107965943608,3,0.7140092561048297,high,obs,,0.755015792624648,518.2030076821105,0.6372937821816302,True,False,355.7815578003125,18.693631048664304
31,restaurant,7,519.1606056651884,29.76623982977596,3,0.44807115871587,high,rct,holdout,0.7035462344227063,334.235971589324,0.8432459000285476,False,False,284.8791167068508,18.693631048664304
32,restaurant,15,311.5122785293997,48.22620914580836,1,0.7355008167355607,low,obs,,1.0339918143594733,325.6338604287384,0.8770030256689892,False,False,271.81842226705845,18.693631048664304
33,restaurant,16,377.5540283466097,45.54178376567404,2,0.6396418383447907,low,obs,,1.1863315924054103,483.9371814443644,0.9541255983503779,False,False,460.8269133976216,18.693631048664304
34,restaurant,12,400.1990775341588,39.29993374728118,1,0.4799053633610072,low,obs,,0.8144217863374531,244.28110996068995,0.8419373377554522,False,False,230.51418245985994,18.693631048664304
35,restaurant,0,405.72942351118303,37.36222547672652,1,0.8259394499425967,low,obs,,0.812320009776488,329.1805007657931,0.5658763268874595,True,False,189.50554186481742,18.693631048664304
36,restaurant,7,418.9287799973525,42.86138526714352,1,0.819363405264631,high,obs,,0.7035462344227063,305.71142422870827,0.6887065962568905,False,True,228.0355165356226,18.693631048664304
37,restaurant,3,427.1857682521645,49.9469082101459,1,0.5341823071599106,high,rct,treated,0.755015792624648,276.37221402388303,0.5139478736002911,True,False,146.4421121180216,18.693631048664304
38,restaurant,16,307.8671096102508,48.18764923339323,1,0.6908624194597736,low,rct,holdout,1.1863315924054103,355.7973935709078,0.8348573616722037,False,False,301.898295706164,18.693631048664304
39,restaurant,7,410.8946871104531,38.68672093157627,2,0.6270978420529142,low,obs,,0.7035462344227063,293.10782317866216,0.7658717897314895,False,False,239.7895938077136,18.693631048664304
40,restaurant,0,474.4633363639095,47.13432699894322,1,0.5569356220568333,high,obs,,0.812320009776488,330.667313629261,0.6447226986729065,True,False,252.9136949505661,18.693631048664304
41,restaurant,13,360.4430427480876,20.748764273805,1,0.3865109339599279,low,obs,,0.9486158444409548,198.1964964597828,0.8067125435904632,False,False,162.70170108692898,18.693631048664304
42,restaurant,4,450.5845293861548,23.431263380530687,1,0.5160938929985489,high,obs,,1.0275822800548309,315.168910097505,0.49416181288782723,True,False,161.1919708599311,18.693631048664304
43,restaurant,6,288.2551314928466,42.66924972809318,1,0.5722814863629553,low,obs,,1.1629429608386825,282.1779896996084,0.7089167627999867,False,False,187.02764765515892,18.693631048664304
44,restaurant,18,457.4928116341642,59.25421078561834,3,0.6978646820390976,high,obs,,1.061786816780963,701.6210540733606,0.9163039039353515,False,False,672.5117870144054,18.693631048664304
45,restaurant,12,382.0426143165866,43.06266052516155,3,0.5995654920806567,low,rct,holdout,0.8144217863374531,367.33306737334084,0.7459277661796788,False,False,264.0459569845736,18.693631048664304
46,restaurant,8,412.9549184512327,30.43389244297995,3,0.4743078158744021,low,rct,treated,0.9985524773283811,389.9705218285198,0.5400980440299102,False,True,210.04800258992836,18.693631048664304
47,restaurant,10,276.6269994569964,37.44993014817477,3,0.6008602800437288,low,obs,,0.8089120417174245,253.20707922363422,0.9211400122252256,False,False,229.28090400683232,18.693631048664304
48,restaurant,8,450.19884784297744,39.74471371397575,3,0.747347691821834,high,obs,,0.9985524773283811,586.8810959175044,0.9120917470798946,False,False,572.8980780082044,18.693631048664304
49,restaurant,14,392.45258791564777,49.584795315115386,1,0.6840150306516453,low,obs,,1.0776802168048698,413.8296951465482,0.6011088328036388,False,True,234.2839138479236,18.693631048664304
50,restaurant,5,292.18334461952173,33.807158932324114,3,0.913246208163012,low,rct,treated,0.9874541776436689,407.0008167132091,0.9566784355362976,False,False,456.2284242649379,18.693631048664304
51,restaurant,17,447.563974386351,24.06113697489845,3,0.4896577434276338,high,obs,,1.1237477840063734,457.25722887118286,0.9425752208728698,False,False,426.0590239802005,18.693631048664304
52,restaurant,15,456.6274871718098,40.3471861546852,1,0.5393484927788987,high,obs,,1.0339918143594733,378.41125260760066,0.9991213356982385,False,False,384.872704874232,18.693631048664304
53,restaurant,10,446.3741139354636,31.24511823115156,1,0.6074596690168812,high,obs,,0.8089120417174245,286.57815861866266,0.4542860437609785,False,True,130.92265114205543,18.693631048664304
54,restaurant,1,477.0455316945095,32.66662298527575,3,0.72665551027991,high,obs,,1.0566406771193153,611.4303934666377,0.5386733165238472,False,True,333.49965582889644,18.693631048664304
55,restaurant,10,365.0900907246552,18.760247929523093,3,0.2980379524829006,low,obs,,0.8089120417174245,206.31602792649474,0.9616980690473528,False,False,192.77913557170936,18.693631048664304
56,restaurant,18,248.21373897984236,43.05529280662458,1,0.5474778819203879,low,obs,,1.061786816780963,217.35160397110508,0.9452742029129718,False,False,219.4319872909954,18.693631048664304
57,restaurant,18,475.1989624451939,40.06836996046446,2,0.2069927644765116,high,rct,treated,1.061786816780963,324.38561333039075,1.0201480551186866,False,False,319.4456103458572,18.693631048664304
58,restaurant,8,405.9939191549474,46.73429453103949,2,0.7333315826021198,low,obs,,0.9985524773283811,478.2460524682791,0.7663938959009672,False,False,392.09863180142327,18.693631048664304
59,restaurant,16,439.9741321039604,33.41053001097761,2,0.4546594252564586,high,rct,treated,1.1863315924054103,429.6635934569638,0.8550294150702332,False,False,418.15026889690387,18.693631048664304
60,restaurant,3,452.6681541880283,33.23446763358756,3,0.4885723288225529,high,obs,,0.755015792624648,335.6693560682417,0.5173210651483284,True,False,173.31612813287308,18.693631048664304
61,restaurant,1,365.3906046203694,43.7380360043745,1,0.9327165961636534,low,obs,,1.0566406771193153,437.7713638546118,0.9872767770260844,False,False,453.54259616619476,18.693631048664304
62,restaurant,19,433.5889437681302,33.635193818226064,1,0.7471420387214784,high,obs,,0.5387255231292021,212.93999989753016,0.8074388931063126,False,False,176.68377973900309,18.693631048664304
63,restaurant,3,374.5372581145507,32.616059869629474,2,0.5208512602917702,low,obs,,0.755015792624648,247.29859835912086,0.5223020311678165,True,False,137.3457332995208,18.693631048664304
64,restaurant,10,411.44547734469865,32.80876991789311,2,0.5505197125423559,low,obs,,0.8089120417174245,299.9965105557936,0.8822577996210702,False,False,254.14913831413847,18.693631048664304
65,restaurant,3,516.4534372494052,17.610567432935483,1,0.7302397585195403,high,obs,,0.755015792624648,304.6545918641041,0.517933335526571,True,False,149.3184461028459,18.693631048664304
66,restaurant,18,506.0360133644607,40.47035999710332,1,0.8370205197698625,high,obs,,1.061786816780963,554.4921429870474,0.5976108421121998,False,True,320.1540954699839,18.693631048664304
67,restaurant,1,517.668259683423,35.7905784432805,1,0.7560155528454503,high,rct,holdout,1.0566406771193153,511.0517132035155,0.8388648398620504,False,False,432.92662347252934,18.693631048664304
68,restaurant,4,420.6179528624276,44.66472657742755,2,0.5051033596507084,high,rct,holdout,1.0275822800548309,409.1666532060665,0.517840404423995,True,False,220.54301446861737,18.693631048664304
69,restaurant,9,429.09458129739033,20.660396469927857,2,0.7357505087184313,high,rct,holdout,1.010749464328485,413.82006586154387,0.7543484343595674,False,False,325.4629537909248,18.693631048664304
70,restaurant,11,350.7283300112523,47.01350040008772,1,0.3863204986316054,low,rct,holdout,1.2417115693927145,313.0461232682947,0.7973988945225563,False,False,234.34302593833667,18.693631048664304
71,restaurant,8,357.3211932865194,47.51877741474018,2,0.5035063581594909,low,obs,,0.9985524773283811,344.46281335256316,0.7177852381429335,False,False,254.14580991027418,18.693631048664304
72,restaurant,5,411.2863816366961,34.60239068993925,3,0.7553462505398624,low,obs,,0.9874541776436689,512.2048919988674,0.9235860452589977,False,False,495.34073306577346,18.693631048664304
73,restaurant,5,478.4629194688177,37.22395202846676,1,0.385940669625081,high,obs,,0.9874541776436689,314.9483741813954,0.8924034011898544,False,False,302.5619276973622,18.693631048664304
74,restaurant,11,316.5587420112724,35.55163529255603,3,0.5075447955303976,low,obs,,1.2417115693927145,400.95298164680503,0.47391687121684273,False,True,201.9434833871715,18.693631048664304
75,restaurant,14,401.7222464068424,40.01629228147958,1,0.7311596663331296,low,rct,holdout,1.0776802168048698,409.9561466446755,0.815750333626225,False,False,361.8910090135866,18.693631048664304
76,restaurant,15,425.6629861257102,44.1358032216268,1,0.6649999029676937,high,rct,treated,1.0339918143594733,407.01957464267275,0.7618168677639987,False,False,308.6543803967364,18.693631048664304
77,restaurant,7,247.763499663955,23.22011122955937,3,0.5370169311404285,low,rct,treated,0.7035462344227063,164.82050005929963,1.0233576145429486,False,False,153.15007782450832,18.693631048664304
78,restaurant,19,383.32898973854816,41.94955378834498,1,0.6419844142933581,low,obs,,0.5387255231292021,184.11510208735885,0.8181118370449568,False,False,142.2948018738418,18.693631048664304
79,restaurant,18,468.3018142794161,54.20098999256111,1,0.7990880203949172,high,rct,holdout,1.061786816780963,551.6541744797352,0.8085336408577554,False,False,434.4227255772134,18.693631048664304
80,restaurant,10,409.7303428019406,43.13837346514765,2,0.5078592726310421,low,rct,holdout,0.8089120417174245,311.013290224094,0.7696284546938497,False,False,208.8163673059234,18.693631048664304
81,restaurant,5,421.7709461395622,28.851685437382265,2,0.95,high,rct,treated,0.9874541776436689,501.25769759018027,0.872957101426586,False,False,425.2119286315333,18.693631048664304
82,restaurant,17,390.439429511364,44.75077575939684,1,0.8827297141091297,low,obs,,1.1237477840063734,483.80986321797974,0.7763699516657078,False,False,347.726387324072,18.693631048664304
83,restaurant,12,540.2773541640328,47.853706902948375,2,0.6413001957645176,high,obs,,0.8144217863374531,484.3133206563313,0.7311877405309263,False,False,330.29875249803297,18.693631048664304
84,restaurant,17,426.7494927430209,37.341105705822514,1,0.8354705841221133,high,obs,,1.1237477840063734,482.33644736640366,0.8480844997275706,False,False,403.56916213398046,18.693631048664304
85,restaurant,0,228.74294869067168,31.44368651121161,3,0.7059382932178644,low,obs,,0.812320009776488,219.34754339312423,0.3550417261171581,True,True,82.03052256247197,18.693631048664304
86,restaurant,5,443.8866640078083,37.02135950249401,3,0.5940331893394556,high,obs,,0.9874541776436689,491.2328542538948,0.851091063058905,False,False,411.8960558392939,18.693631048664304
87,restaurant,17,400.0831833436584,35.81518909718846,2,0.558923023887274,low,rct,holdout,1.1237477840063734,418.6114811068223,0.9321163433996239,False,False,373.78042888293896,18.693631048664304
88,restaurant,14,411.7673064696636,42.872968209607976,2,0.4492464308909856,low,obs,,1.0776802168048698,391.40294560292665,0.9459301736376373,False,False,368.73047164855427,18.693631048664304
89,restaurant,13,351.1749706391747,35.81636474727849,2,0.4582558894900846,low,rct,holdout,0.9486158444409548,280.69012312821974,0.8664573136598142,False,False,236.28387741407263,18.693631048664304
90,restaurant,12,479.1237577949316,35.81760911315356,2,0.5277213233875027,high,obs,,0.8144217863374531,352.6212717484477,0.9464772553564034,False,False,302.7601363542318,18.693631048664304
91,restaurant,3,433.62165128761865,46.09103925042816,1,0.843795882374663,high,rct,holdout,0.755015792624648,354.37294327508073,0.5131104095019309,True,False,181.61470018078154,18.693631048664304
92,restaurant,12,568.9652269004424,29.629387651629205,2,0.573488483079665,high,obs,,0.8144217863374531,415.62319006343733,0.6094819811508329,False,True,250.0588316268158,18.693631048664304
93,restaurant,9,397.7287970847559,27.69823820465324,2,0.5413820063913876,low,obs,,1.010749464328485,344.0736919588809,0.9152832633172948,False,False,320.4408478922926,18.693631048664304
94,restaurant,11,475.08854345031045,42.33793332613311,3,0.7662817478030997,high,rct,treated,1.2417115693927145,797.6364361094453,0.7429122996435495,False,False,635.2540393506144,18.693631048664304
95,restaurant,10,489.9255322823835,25.195122718451017,1,0.5836638652249163,high,rct,treated,0.8089120417174245,292.2342360521541,0.8707568116578079,False,False,252.48805236877817,18.693631048664304
96,restaurant,7,601.2852129143031,56.99427303801917,1,0.558377037586835,high,obs,,0.7035462344227063,389.84840339987096,0.8848200769123297,False,False,323.38988392858386,18.693631048664304
97,restaurant,2,348.8189073572569,35.580654830833744,1,0.5760218645536379,low,obs,,0.8075273088415456,225.07919792652004,0.8341596489916332,False,False,179.4082706689294,18.693631048664304
98,restaurant,13,417.7410574365205,55.04091864933336,1,0.2915765329263313,high,obs,,0.9486158444409548,269.46587096533057,0.7100947011586428,False,True,202.4915387364178,18.693631048664304
99,restaurant,17,482.88929610127406,26.66216964095236,2,0.3482193897444874,high,rct,treated,1.1237477840063734,374.9271126523654,0.8970427462523127,False,False,320.1020853395021,18.693631048664304
100,gym,16,368.5201027163512,69.27156485969178,2,0.5643906626191216,high,obs,,1.1863315924054103,480.1496797348854,0.9376578201005871,False,False,459.5685558757607,13.054646261079396
101,gym,3,310.9544609821099,19.63942593882592,1,0.1822195900807936,high,rct,holdout,0.755015792624648,103.90271291878392,0.5445383219365186,True,False,61.235418121390765,13.054646261079396
102,gym,14,210.69496423257655,60.04435959231273,1,0.5534242945104083,low,rct,treated,1.0776802168048698,198.85802631143454,0.9423558694166576,False,False,163.88186752195404,13.054646261079396
103,gym,15,175.59574465025935,93.00607794047802,1,0.3649842810373466,low,rct,holdout,1.0339918143594733,153.9702404207783,0.8566865793861969,False,False,131.69921009027337,13.054646261079396
104,gym,14,267.2067228428957,62.54606195826727,2,0.4785726129668974,low,obs,,1.0776802168048698,280.6370077578889,0.6458572558382816,False,False,183.43395521623853,13.054646261079396
105,gym,19,289.94872920889605,54.266416253978285,2,0.7321667775814036,high,obs,,0.5387255231292021,183.16415944460837,0.9233139799532364,False,False,155.90395967480956,13.054646261079396
106,gym,10,337.4601679580708,66.861033691492,1,0.4262245942064888,high,rct,holdout,0.8089120417174245,217.99319175633576,1.013277880515423,False,False,217.54854947166962,13.054646261079396
107,gym,7,434.9286564984348,37.77481597472112,3,0.870010684686874,high,rct,holdout,0.7035462344227063,417.70517610125853,0.8518456564988484,False,False,401.2864005716439,13.054646261079396
108,gym,2,192.3350767855333,53.324533967960754,3,0.9206022563163994,low,obs,,0.8075273088415456,240.99929038467477,0.4811200855049575,False,True,107.36283347715714,13.054646261079396
109,gym,12,215.71670423837503,56.64902099716095,3,0.95,low,rct,treated,0.8144217863374531,283.4667230182244,0.8586764105410724,False,False,232.27758122865907,13.054646261079396
110,gym,17,265.83771260514027,64.21423851453578,1,0.813327052091397,low,obs,,1.1237477840063734,333.57359086505664,0.832865086966124,False,False,288.7298639677765,13.054646261079396
111,gym,8,191.43776753833083,66.61933461966328,3,0.7196336079376955,low,obs,,0.9985524773283811,273.7653820978929,0.8027018786193053,False,False,214.26986761618886,13.054646261079396
112,gym,6,381.9583684363602,49.10879011177261,2,0.275971569369962,high,obs,,1.1629429608386825,318.52349702776655,0.9319033824633249,False,False,317.1455555233755,13.054646261079396
113,gym,5,266.15649979816783,81.80998424750047,1,0.5431565614529233,low,obs,,0.9874541776436689,254.90575568377875,0.8593605601483011,False,False,206.4877452916531,13.054646261079396
114,gym,6,319.9823516556495,52.46784898490628,2,0.3741761769163526,high,obs,,1.1629429608386825,306.44890797863616,0.8363246542838745,False,False,261.50043545586533,13.054646261079396
115,gym,0,238.5756640387337,65.15932331595553,1,0.4159579961519279,low,obs,,0.812320009776488,151.6837798922198,0.567091828442107,True,False,84.1155074687223,13.054646261079396
116,gym,17,277.6882040693104,28.746884525036023,3,0.4699228715719478,high,obs,,1.1237477840063734,284.7324568610939,0.9261759662468098,False,False,247.72398006719132,13.054646261079396
117,gym,3,223.37794639270328,43.43880104883353,3,0.5625239908605216,low,obs,,0.755015792624648,184.81140682918556,0.5599626813297319,True,False,102.35117409579301,13.054646261079396
118,gym,14,270.54211745087724,43.66882836274552,1,0.7782775130660036,high,obs,,1.0776802168048698,282.25510975641953,0.8567666377834359,False,False,251.18276116725525,13.054646261079396
119,gym,3,317.1748833892894,66.83901694076735,1,0.5313337920976332,high,obs,,0.755015792624648,212.91523389027122,0.5530276572430387,True,False,112.60342890675157,13.054646261079396
120,gym,4,167.97565562042246,46.626882070344045,2,0.6347315128551709,low,obs,,1.0275822800548309,178.40223472825835,0.5510824362306874,True,False,105.17093372474176,13.054646261079396
121,gym,6,261.82037931339914,30.97186527780506,2,0.4079672159663802,low,rct,holdout,1.1629429608386825,228.68837214906796,0.8534526939366233,False,False,188.85818678258767,13.054646261079396
122,gym,18,217.91774021458173,48.44388893255378,3,0.5046058710828645,low,rct,treated,1.061786816780963,246.90053430036448,0.9323981119428422,False,False,210.8661991343847,13.054646261079396
123,gym,7,336.4386173248762,51.49384812977348,2,0.6414792533874376,high,obs,,0.7035462344227063,253.12525906641585,0.9295569145789908,False,False,243.3889622282012,13.054646261079396
124,gym,4,205.01025550288728,36.04679936417298,1,0.7287699032179706,low,obs,,1.0275822800548309,187.12476360201399,0.5851101063696058,True,False,105.25125605382333,13.054646261079396
125,gym,1,360.202946721187,60.96412620115022,1,0.5636393781123954,high,rct,holdout,1.0566406771193153,338.2450349034706,0.6652439596483396,False,False,215.70243512581908,13.054646261079396
126,gym,8,278.4579544356967,47.29184209123479,1,0.7968636746415623,high,rct,treated,0.9985524773283811,279.0031280207043,0.7888801184957824,False,False,224.9812510647909,13.054646261079396
127,gym,1,215.29818373282205,57.406827669051374,1,0.7284337594477766,low,rct,holdout,1.0566406771193153,229.00304990220434,0.7060155924728215,False,True,163.3922892729808,13.054646261079396
128,gym,5,272.0062069055882,41.011425688032745,2,0.9385012288956298,high,rct,treated,0.9874541776436689,340.3330532566279,0.8597841121270186,False,False,281.30814108147405,13.054646261079396
129,gym,11,201.1943681106917,69.00864625428707,3,0.5635809334001439,low,obs,,1.2417115693927145,315.91602738982846,0.8933575225402433,False,False,288.9664700403161,13.054646261079396
130,gym,0,195.7416708457117,62.07471085866895,2,0.5257234665010431,low,obs,,0.812320009776488,162.01518922937836,0.38416341707236734,True,True,61.805257798342105,13.054646261079396
131,gym,17,265.47021857050646,41.068139538742,2,0.885056554370342,low,rct,treated,1.1237477840063734,364.0823799288205,0.4910315324199694,False,True,176.20192195812018,13.054646261079396
132,gym,18,249.3094950250687,60.434893175037175,2,0.6528927872784928,low,obs,,1.061786816780963,300.49190158683024,0.759064753755884,False,False,237.02262221424715,13.054646261079396
133,gym,11,220.3070840110124,69.71189857669758,1,0.6392557805463321,low,rct,holdout,1.2417115693927145,272.7201031435067,0.8054955327458734,False,False,225.34041888895356,13.054646261079396
134,gym,8,292.36217305584535,39.84461241786061,2,0.3823156658533996,high,obs,,0.9985524773283811,225.28361255627755,0.7990779406598321,False,False,169.50170280427872,13.054646261079396
135,gym,14,293.35416576936564,60.150423340568,2,0.5600063263029431,high,obs,,1.0776802168048698,329.4484215201798,0.7915331617947647,False,False,256.0233337457661,13.054646261079396
136,gym,17,200.23380764703936,59.22499374079537,1,0.601363158241637,low,obs,,1.1237477840063734,205.1130010412222,0.5242415092138379,False,True,104.47439261962973,13.054646261079396
137,gym,10,231.4603757635491,58.035683980608646,2,0.663111260836931,low,obs,,0.8089120417174245,211.62931357637254,0.8581288530031839,False,False,175.2397116753731,13.054646261079396
138,gym,0,294.52185892076045,48.04189450081852,1,0.5444045224649144,high,obs,,0.812320009776488,194.17656063122658,0.4416342491223781,True,False,79.42951938907319,13.054646261079396
139,gym,6,314.03092469784536,49.16482833073717,1,0.5492744146078058,high,rct,holdout,1.1629429608386825,299.73064925087346,0.7623036605716713,False,False,242.95088939691772,13.054646261079396
140,gym,13,339.1896223891386,42.78475906939043,3,0.5330060005387214,high,rct,holdout,0.9486158444409548,341.4508854740341,0.5834636116419732,False,True,198.6248014921229,13.054646261079396
141,gym,7,327.7098849887723,61.37071439745898,1,0.4083816275553643,high,rct,treated,0.7035462344227063,175.3748583859936,0.8329835370305174,False,False,139.76003162808368,13.054646261079396
142,gym,10,328.8865509897058,45.57281413310117,1,0.6449424533562118,high,obs,,0.8089120417174245,233.3087840564816,0.9436422334303695,False,False,246.61463965219767,13.054646261079396
143,gym,19,201.9043097465714,57.31597701194659,3,0.811492926714054,low,obs,,0.5387255231292021,159.3242084448493,0.9675593174067396,False,False,156.37540412802886,13.054646261079396
144,gym,5,268.1928173904898,45.93148831123917,2,0.8351560805884669,high,obs,,0.9874541776436689,320.74894694081803,0.8902935916632311,False,False,287.62680245032016,13.054646261079396
145,gym,16,184.2668029879955,76.49836639273312,2,0.6731199036579787,low,obs,,1.1863315924054103,274.51028328337196,0.7312155565785314,False,False,222.14047383508526,13.054646261079396
146,gym,5,166.64966930276145,41.07048276848058,1,0.5866489659819637,low,rct,treated,0.9874541776436689,133.3256411963609,0.8153889160343606,False,False,107.79502414177544,13.054646261079396
147,gym,14,202.63392784098588,60.89934642860605,3,0.6457835896115364,low,obs,,1.0776802168048698,284.9793763597524,0.9496314536109836,False,False,268.12796329393615,13.054646261079396
148,gym,17,412.8153039829584,67.8333421125872,3,0.6204477196206055,high,obs,,1.1237477840063734,614.2230606997043,0.6119468828072805,False,True,356.56270834443563,13.054646261079396
149,gym,16,308.3271710320088,41.572970038005735,1,0.8926815020864807,high,rct,treated,1.1863315924054103,380.9727283777669,1.0016220102328617,False,False,393.06361641924036,13.054646261079396
150,gym,12,389.6797890298857,55.85284529647889,2,0.3886552537280264,high,obs,,0.8144217863374531,270.7844601443564,0.8181376537471418,False,False,235.2024229739105,13.054646261079396
151,gym,9,270.3401987882152,47.32770116714119,3,0.5785265266557967,high,obs,,1.010749464328485,310.99883613008143,0.7806344928295386,False,False,250.19390571218923,13.054646261079396
152,gym,11,258.1978515188273,60.104221131534445,3,0.6000850436404088,low,obs,,1.2417115693927145,399.9772225222738,0.8420346342845159,False,False,361.0820387434952,13.054646261079396
153,gym,17,315.0116181036611,41.72718073367312,3,0.5410962670823399,high,obs,,1.1237477840063734,376.1956155878206,0.7443427050860821,False,False,248.871300243532,13.054646261079396
154,gym,3,256.7989848877245,53.26961263897165,1,0.4793145276626574,low,obs,,0.755015792624648,152.04280378701853,0.4947536275908021,True,False,72.20593496436724,13.054646261079396
155,gym,5,259.6186040424591,46.731395687989085,1,0.517432429268591,low,obs,,0.9874541776436689,201.14908307123127,0.9529493084449013,False,False,186.96396789502148,13.054646261079396
156,gym,12,248.5418479426653,67.62983254188408,2,0.6408296629202351,low,obs,,0.8144217863374531,236.24920885540817,0.7845168100287336,False,False,196.3164036610244,13.054646261079396
157,gym,4,288.8998420738808,50.33300951312319,3,0.7484990847359483,high,obs,,1.0275822800548309,398.00116990246767,0.6434054370646424,True,False,234.11614733512263,13.054646261079396
158,gym,17,208.0230520703567,82.55671038883067,2,0.72904682340639,low,obs,,1.1237477840063734,316.84693571334253,0.8067234789678221,False,False,239.80462748088817,13.054646261079396
159,gym,3,232.62239069417583,83.48519044740137,1,0.6977661888275166,low,rct,treated,0.755015792624648,197.18726949974877,0.47980744759334243,True,False,98.69696131989303,13.054646261079396
160,gym,9,205.9937369395917,49.07574251281628,1,0.5980556100745256,low,obs,,1.010749464328485,178.73493151113138,0.5208467735754466,False,True,97.57612226193564,13.054646261079396
161,gym,1,244.6926275810707,45.29951982220658,2,0.718856225067931,low,obs,,1.0566406771193153,284.80674350020917,0.8602682689460732,False,False,254.13591677205193,13.054646261079396
162,gym,6,239.83172009368647,56.41253342553415,3,0.5364375146533392,low,obs,,1.1629429608386825,321.24746902169574,0.7674673225937902,False,False,246.0194285826921,13.054646261079396
163,gym,18,236.4779818250412,43.67462960343968,3,0.551840516541037,low,obs,,1.061786816780963,272.76171747718956,0.8569446203152793,False,False,231.43888672227,13.054646261079396
164,gym,12,281.15910905480285,66.5080675079866,2,0.5425331090630434,high,obs,,0.8144217863374531,242.79534241332772,0.8966216456314561,False,False,206.03246025332803,13.054646261079396
165,gym,13,183.37662242062763,37.68951585297639,3,0.6197169516621559,low,obs,,0.9486158444409548,193.97625590185768,0.9255005159020675,False,False,174.4604790762311,13.054646261079396
166,gym,16,297.9444077785976,40.95111400067619,2,0.683558869572727,high,obs,,1.1863315924054103,368.35826720054774,0.8458073367384367,False,False,314.25950017734846,13.054646261079396
167,gym,3,253.16359950001456,40.925016500807175,1,0.537108962324587,low,obs,,0.755015792624648,147.67312415516935,0.29763681622401716,True,True,45.91412362824436,13.054646261079396
168,gym,14,297.8302770912947,47.584664000079016,1,0.877259090194121,high,obs,,1.0776802168048698,342.61080023287167,0.8092192101924021,False,False,294.261949430176,13.054646261079396
169,gym,17,363.3670744426565,44.04289180217784,1,0.4880045972664694,high,rct,treated,1.1237477840063734,306.22025519719625,0.8731470801812012,False,False,253.2240538477308,13.054646261079396
170,gym,15,187.01392913571877,56.15773252765012,3,0.5381067290281899,low,obs,,1.0339918143594733,222.76672499156118,0.7669942916407753,False,False,183.52898348806502,13.054646261079396
171,gym,6,291.2728668059903,41.7866477551997,3,0.5905639151563282,high,obs,,1.1629429608386825,377.2184565577419,0.8787063277845126,False,False,332.976980602912,13.054646261079396
172,gym,7,294.7846706126961,65.65374001104817,2,0.7030580915937283,high,obs,,0.7035462344227063,252.62692166957356,0.9901503324290204,False,False,243.22303854306955,13.054646261079396
173,gym,10,286.5451459196763,57.231141127388895,1,0.7042033288200409,high,obs,,0.8089120417174245,228.50455864241755,0.5325246440679361,False,True,124.0949424961437,13.054646261079396
174,gym,11,340.8865656063428,50.95463164173153,2,0.7006296275951749,high,obs,,1.2417115693927145,474.6473739779696,0.857190801700547,False,False,384.6670490953081,13.054646261079396
175,gym,14,282.21687898050175,56.23723751963767,2,0.6043989699230137,high,rct,holdout,1.0776802168048698,323.19155972298756,0.8858398640606205,False,False,247.9888117457628,13.054646261079396
176,gym,4,250.19496274971164,37.32272357186659,3,0.6738723415553788,low,rct,holdout,1.0275822800548309,299.8712336557997,0.6021695514794565,True,False,158.85748696577448,13.054646261079396
177,gym,15,218.16906262498617,25.830235285276,3,0.699763496676218,low,obs,,1.0339918143594733,249.74592869719154,0.8926524931654817,False,False,242.38395774111385,13.054646261079396
178,gym,13,316.1825979125507,36.69984233911917,1,0.9135795048698748,high,obs,,0.9486158444409548,307.7422693863087,0.5295087492839924,False,True,177.15325786558043,13.054646261079396
179,gym,3,316.1983471883551,64.48509456892555,2,0.6482712969071449,high,obs,,0.755015792624648,275.8475678758724,0.5270735341042535,True,False,145.17387975069053,13.054646261079396
180,gym,1,185.8303333965915,56.077527998600445,3,0.7604988587546252,low,obs,,1.0566406771193153,274.5428281508152,0.9350874383381789,False,False,257.95563404356614,13.054646261079396
181,gym,9,237.6770570394208,57.786835472863054,3,0.8328465036577184,low,rct,treated,1.010749464328485,358.54267628382695,1.0168973138834378,False,False,374.3981500498511,13.054646261079396
182,gym,0,259.53629200333125,51.39360232030435,1,0.4789641135584267,low,rct,holdout,0.812320009776488,163.5166480916732,0.5644476353220105,True,False,101.82586234736284,13.054646261079396
183,gym,12,172.79847701382363,46.52352827699114,3,0.4343988601770446,low,obs,,0.8144217863374531,138.11802278739808,0.8217105647484094,False,False,100.83715765167896,13.054646261079396
184,gym,3,288.35749051147445,66.47967683380686,3,0.8178006527346475,high,obs,,0.755015792624648,336.6426030812362,0.5285448377479072,True,False,189.3822116055352,13.054646261079396
185,gym,0,249.277209967936,58.33694177072063,2,0.5270613633179767,low,obs,,0.812320009776488,202.44238229055534,0.5399604678876657,True,False,121.3312332962727,13.054646261079396
186,gym,18,272.5152171513508,42.75119015315988,3,0.9173802762791484,high,obs,,1.061786816780963,421.2301454779442,0.8379028198587222,False,False,352.6979958949099,13.054646261079396
187,gym,17,273.34935762261085,29.95921112796997,1,0.524836964846286,high,rct,holdout,1.1237477840063734,218.90374763955995,0.8926343941565223,False,False,215.81554705963555,13.054646261079396
188,gym,9,256.63858731956924,47.87905169629347,3,0.8266896694524057,low,obs,,1.010749464328485,364.3385760886978,0.6984187316305163,False,False,247.3220859271196,13.054646261079396
189,gym,3,202.90789525533364,55.40929480322552,2,0.6702914023202651,low,rct,holdout,0.755015792624648,171.71526741730716,0.4254156175379415,True,True,79.55359361887882,13.054646261079396
190,gym,3,328.1380267911709,58.23262658829496,1,0.8665915751779758,high,rct,treated,0.755015792624648,278.7066043911514,0.5318135760921793,True,False,160.66961153514202,13.054646261079396
191,gym,15,309.1658261114809,65.95470859053698,1,0.6782764715197968,high,obs,,1.0339918143594733,323.21372686351236,0.8432663336139498,False,False,280.94177777037896,13.054646261079396
192,gym,13,257.68542954519205,66.30128489422592,2,0.6797197823383909,low,rct,treated,0.9486158444409548,292.978694701218,0.8816690649604566,False,False,303.2532789126977,13.054646261079396
193,gym,12,337.69743900983656,32.11385561367192,1,0.5036977633241724,high,rct,holdout,0.8144217863374531,194.64044010957682,0.9031522570582553,False,False,185.21741496605821,13.054646261079396
194,gym,7,268.8310692732152,43.51052025921811,2,0.6697522420063828,high,obs,,0.7035462344227063,197.832629938189,0.9079720482467479,False,False,177.94103611508797,13.054646261079396
195,gym,6,336.9793075205745,61.92139385540606,3,0.580325259849274,high,rct,treated,1.1629429608386825,484.86497850635845,0.9010434507272277,False,False,434.78255123234067,13.054646261079396
196,gym,15,260.8382379793694,44.507631318195344,3,0.572293950070911,low,obs,,1.0339918143594733,300.1661984227794,0.7386357273245356,False,False,215.89574975669328,13.054646261079396
197,gym,16,319.08644642848486,31.575187817935326,1,0.6666182858986267,high,obs,,1.1863315924054103,310.30850636727416,0.7690621385105598,False,False,251.70929872842416,13.054646261079396
198,gym,1,320.80913833431333,63.905106785398885,2,0.5089468194219682,high,obs,,1.0566406771193153,343.0930202854949,0.8756545018954968,False,False,259.89770818958306,13.054646261079396
199,gym,0,282.48831380780365,60.54385866469718,1,0.4301702331481595,high,rct,holdout,0.812320009776488,177.93599923556994,0.4419003830318593,True,False,79.97227150614269,13.054646261079396
200,bar,16,225.240534821538,62.00715379305556,2,0.6990541645413793,low,obs,,1.1863315924054103,408.30432421939867,0.8419658835986047,False,False,338.59528157345085,19.57178136495832
201,bar,12,300.1353930641743,75.0644308472712,3,0.5151250976709373,low,rct,holdout,0.8144217863374531,386.21037832411713,0.8657977419667208,False,False,315.0489971434477,19.57178136495832
202,bar,0,367.1305049182018,53.47250149382589,2,0.5244744583170201,high,rct,holdout,0.812320009776488,374.4591824954087,0.5237888098102487,True,False,186.46196814229876,19.57178136495832
203,bar,14,348.574247600318,90.23459215193616,1,0.6114155614203465,high,rct,treated,1.0776802168048698,507.1482145880329,0.8479209040190921,False,False,473.34321951534963,19.57178136495832
204,bar,0,339.60763905890866,79.95872039808076,1,0.768189370000401,high,obs,,0.812320009776488,407.6007818925092,0.6439588006277824,True,False,260.230470448779,19.57178136495832
205,bar,5,271.59829582315444,34.99558844848194,1,0.4937000287287633,low,obs,,0.9874541776436689,252.58327079902358,0.7831513493065058,False,False,180.43912194861213,19.57178136495832
206,bar,0,265.63965562239645,70.63909636187033,2,0.5008588705837653,low,obs,,0.812320009776488,285.8701356836766,0.5520944907294142,True,False,161.17381256032354,19.57178136495832
207,bar,13,365.1002321335247,77.97803982024463,2,0.5836976860466775,high,rct,holdout,0.9486158444409548,512.5366670034274,0.8448526942348064,False,False,429.52871021888853,19.57178136495832
208,bar,5,490.1249593278872,60.85907565124996,3,0.8540764981227524,high,obs,,0.9874541776436689,958.6656422143565,0.8657859818028538,False,False,731.851492078908,19.57178136495832
209,bar,4,351.917679671642,57.27470085712925,1,0.9006020543378681,high,rct,holdout,1.0275822800548309,534.5699894045543,0.3271301933669896,True,True,176.94408593069616,19.57178136495832
210,bar,14,245.1176079503972,62.99410977013864,3,0.4871325576129867,low,rct,holdout,1.0776802168048698,385.1208128292864,0.863824165391007,False,False,326.93615676565497,19.57178136495832
211,bar,2,241.6523862794796,37.843560999843184,2,0.5866545251168773,low,obs,,0.8075273088415456,240.96654065030165,0.7917500916627277,False,False,217.35326771654323,19.57178136495832
212,bar,19,362.670705138272,56.869713090620586,3,0.6234109032452944,high,obs,,0.5387255231292021,315.3140439305766,0.8119315918459822,False,False,296.2108197470737,19.57178136495832
213,bar,11,301.6098718409311,66.05304801781206,3,0.7720558423479196,low,obs,,1.2417115693927145,713.2089620405919,0.808185646478685,False,False,604.277246630164,19.57178136495832
214,bar,17,262.4514850551419,70.49422212763857,1,0.5478725766664115,low,obs,,1.1237477840063734,345.92346838459287,0.5277058393411086,False,True,191.43530751280267,19.57178136495832
215,bar,7,294.12139962226865,56.986874005603525,1,0.3425975355138595,low,obs,,0.7035462344227063,183.78026259906792,0.7293450461646824,False,False,135.6828226352257,19.57178136495832
216,bar,0,283.69103778642915,43.63016751977368,3,0.5576911931939885,low,rct,treated,0.812320009776488,328.8867425618539,0.5294322293173436,True,False,187.82307846809064,19.57178136495832
217,bar,17,250.23611669022205,43.91860548804684,3,0.366996029317245,low,obs,,1.1237477840063734,329.4291249136011,0.5979669317292544,False,True,205.27791444025107,19.57178136495832
218,bar,7,279.00885124256973,74.95158386698776,1,0.7681402468166113,low,obs,,0.7035462344227063,283.994269052646,0.6409182925099679,False,True,162.70497888092777,19.57178136495832
219,bar,18,209.7850492423791,54.72763696491904,2,0.5309860823911312,low,obs,,1.061786816780963,283.1085493667848,0.7755673492726032,False,False,243.93607501792482,19.57178136495832
220,bar,15,372.5732143275041,79.79513760129434,3,0.7994144131583004,high,rct,holdout,1.0339918143594733,794.742630375888,0.8959039355629345,False,False,756.7046758294839,19.57178136495832
221,bar,19,219.05984213605387,41.4310994170576,1,0.5711605993026972,low,rct,holdout,0.5387255231292021,123.74045517848204,0.9209526134042503,False,False,118.11834800788168,19.57178136495832
222,bar,1,462.0433243058085,42.9644215609517,1,0.9027581162238238,high,rct,holdout,1.0566406771193153,675.4522286939202,0.8777620429924261,False,False,592.259509602791,19.57178136495832
223,bar,12,387.25148224015146,85.6715427092945,3,0.5698707205395648,high,rct,holdout,0.8144217863374531,548.7688608469962,0.7656864052762502,False,False,451.88252962304847,19.57178136495832
224,bar,11,260.92688178807174,57.38702373871312,2,0.6159190090478323,low,obs,,1.2417115693927145,451.209576336931,0.886181799624402,False,False,415.56348482884675,19.57178136495832
225,bar,2,306.6878994038401,74.44189549585982,2,0.5989450589348366,low,obs,,0.8075273088415456,366.16223908469163,0.8757703494679657,False,False,305.69497138985014,19.57178136495832
226,bar,8,287.7053723409945,50.26912157591674,2,0.4187835796832815,low,obs,,0.9985524773283811,318.6811205545014,0.6937714908022233,False,False,226.96626102907575,19.57178136495832
227,bar,9,383.840859869749,77.12045128634736,1,0.4711441381499969,high,rct,treated,1.010749464328485,433.7921001496537,0.6631918369507982,False,True,267.7673245786043,19.57178136495832
228,bar,2,376.0649435185592,79.32643826489331,3,0.4426668883191231,high,obs,,0.8075273088415456,453.6101145265867,0.8087851711300746,False,False,346.94913726950745,19.57178136495832
229,bar,16,504.39076578575134,76.09506002907193,3,0.4503929741804835,high,obs,,1.1863315924054103,889.0068361287056,0.4511783698522599,False,True,421.7866391187414,19.57178136495832
230,bar,11,136.68654366348142,91.83925614300485,3,0.8986676881030788,low,obs,,1.2417115693927145,395.72767421530654,0.7784534910639316,False,False,304.37077526826755,19.57178136495832
231,bar,12,321.18318505281474,83.16002368807266,1,0.727837061454493,high,obs,,0.8144217863374531,379.15602921934413,0.8860112685445155,False,False,369.7830217765614,19.57178136495832
232,bar,16,270.0908790558274,83.97884370235666,2,0.5635779279421705,low,obs,,1.1863315924054103,477.05040468066903,0.5938568784183528,False,True,278.9571700663535,19.57178136495832
233,bar,13,331.76435437560747,71.20156428066248,1,0.5670225567614696,high,obs,,0.9486158444409548,377.02624830689837,0.8372492678288848,False,False,318.2207458495928,19.57178136495832
234,bar,13,256.7184043073077,57.52403874163814,3,0.5967466239259507,low,obs,,0.9486158444409548,384.83972428116886,0.6758002407200862,False,True,254.72772562221684,19.57178136495832
235,bar,12,394.9055540651958,50.89399942491691,1,0.3186832003135349,high,rct,treated,0.8144217863374531,269.782578927606,0.8682504324669028,False,False,225.91246118607475,19.57178136495832
236,bar,12,442.067383610203,52.480838571083126,1,0.6682301342100516,high,obs,,0.8144217863374531,434.1700504370513,1.0155726535116192,False,False,435.521812082702,19.57178136495832
237,bar,6,275.2991556394332,70.02027585640525,3,0.8481867544625088,low,rct,treated,1.1629429608386825,657.4701650342075,0.777017969569269,False,False,563.8914086068593,19.57178136495832
238,bar,18,303.86927905234023,73.9609258058529,3,0.7805818124800407,low,rct,treated,1.061786816780963,640.0818026395775,0.6252327877782841,False,False,403.4535034569531,19.57178136495832
239,bar,17,310.3633623732062,62.44770466571684,3,0.7364149260889328,low,obs,,1.1237477840063734,635.3317558983375,0.5701120421254112,False,True,349.88885256773773,19.57178136495832
240,bar,17,343.52105270602686,54.4421141422227,3,0.7019463226405954,high,rct,treated,1.1237477840063734,659.1263563141257,0.8927313556450638,False,False,683.9763845770863,19.57178136495832
241,bar,3,318.35068319741254,83.6403022631792,3,0.8014566862050326,high,obs,,0.755015792624648,504.5661815051249,0.5513909178461379,True,False,284.19598504397237,19.57178136495832
242,bar,14,393.4713237812179,68.67764533729857,2,0.4627082038299653,high,obs,,1.0776802168048698,535.7751458225722,0.8536064594429866,False,False,449.6090954995483,19.57178136495832
243,bar,17,190.40314133111016,96.48629279058213,1,0.3216582236367702,low,rct,holdout,1.1237477840063734,218.86506326607972,0.8874789330096442,False,False,188.71246440392412,19.57178136495832
244,bar,12,444.62295553106566,48.15719539026964,3,0.8914602772915986,high,obs,,0.8144217863374531,694.9023661063832,0.8251729037063565,False,False,621.6765340842175,19.57178136495832
245,bar,11,213.52893418826835,73.10391439622946,3,0.4092942607556943,low,obs,,1.2417115693927145,372.134447250311,0.5149067026246207,False,True,206.23422181287415,19.57178136495832
246,bar,15,359.70779479550305,53.65158038647823,3,0.4227258157023225,high,obs,,1.0339918143594733,485.7418264256235,0.9170490036312123,False,False,423.44900904325755,19.57178136495832
247,bar,14,104.23782825803838,97.88853088230869,3,0.1406782009241102,low,obs,,1.0776802168048698,122.84388369248371,0.6750019472176942,False,False,81.75381419268938,19.57178136495832
248,bar,5,288.0332772972367,90.53898009933924,2,0.5466701079206286,low,rct,treated,0.9874541776436689,427.8769618669516,0.7692637956959928,False,False,301.7759421137273,19.57178136495832
249,bar,4,409.8891229988351,55.32629428482924,1,0.9477442311964764,high,obs,,1.0275822800548309,637.845174113294,0.5186248544661479,True,False,330.2983569784432,19.57178136495832
250,bar,8,312.9609936676391,74.97419709691698,2,0.629006959734284,high,obs,,0.9985524773283811,475.7531304067325,0.8690227023089787,False,False,473.1328825574945,19.57178136495832
251,bar,16,313.12225021078444,78.46011890642116,3,0.4495862711274418,high,obs,,1.1863315924054103,556.9181600306285,0.863539341494586,False,False,477.00650197755755,19.57178136495832
252,bar,19,278.81350868438216,51.912032109755394,3,0.5013214390915411,low,obs,,0.5387255231292021,211.14902767530444,0.8627435801571542,False,False,171.28327249070983,19.57178136495832
253,bar,10,502.39656107328256,49.18964803422638,3,0.6779443554115029,high,rct,holdout,0.8089120417174245,663.4704665245042,0.9085110192228041,False,False,702.013197193681,19.57178136495832
254,bar,16,277.44458492470864,92.66921169210616,2,0.5728685564953334,low,rct,treated,1.1863315924054103,511.84545769685417,0.7578451436209699,False,False,406.4706862116928,19.57178136495832
255,bar,17,251.7607203182617,100.01681296234332,1,0.6630415005871081,low,rct,treated,1.1237477840063734,415.24616013701865,0.5856369793703998,False,True,261.6541620912226,19.57178136495832
256,bar,8,247.90450757686483,65.73368075041004,3,0.8632728344187304,low,obs,,0.9985524773283811,504.51199404972317,0.8938357253526754,False,False,403.25847937402386,19.57178136495832
257,bar,5,447.4784637211702,95.28603355388624,1,0.6002219447638946,high,rct,holdout,0.9874541776436689,602.3980450836691,0.7509325588155866,False,False,459.68525741538997,19.57178136495832
258,bar,13,435.4520931644862,91.16979228689232,2,0.5330814653355327,high,obs,,0.9486158444409548,614.8964394620846,0.4930764650176604,False,True,331.9390245564717,19.57178136495832
259,bar,16,327.91186364707,85.72620796437971,3,0.8254760712337592,high,obs,,1.1863315924054103,838.77791156532,0.44960018269430074,False,True,395.9848073187431,19.57178136495832
260,bar,12,186.6150704405484,79.33957855836584,1,0.4587118464474809,low,obs,,0.8144217863374531,169.32214292298053,0.5602705762985277,False,True,89.73418702869223,19.57178136495832
261,bar,13,362.5530951643219,75.73253676556558,3,0.6618050693407056,high,obs,,0.9486158444409548,623.6770179581912,0.9294597593216505,False,False,625.0442655763048,19.57178136495832
262,bar,14,209.1241156958722,68.48834927737565,1,0.7360289759864038,low,obs,,1.0776802168048698,309.10001778336004,1.0390915655725113,False,False,304.7677568124136,19.57178136495832
263,bar,19,319.9507042558399,72.5720106293061,1,0.5446729162210716,high,rct,holdout,0.5387255231292021,203.35883070352364,0.8367800619306873,False,False,154.61128993296285,19.57178136495832
264,bar,12,357.9901951243137,72.99118839033993,2,0.6097295946792958,high,obs,,0.8144217863374531,432.6121243057036,0.7584893460542746,False,False,329.764866432831,19.57178136495832
265,bar,6,213.49479144736551,71.17536000619671,3,0.7546757190391383,low,obs,,1.1629429608386825,476.87512582881686,0.715026177326429,False,False,353.96332809143644,19.57178136495832
266,bar,10,266.81022009006483,46.49031249711171,2,0.5918112544703216,low,rct,treated,0.8089120417174245,279.4102814801461,0.9028488016064787,False,False,262.233606336074,19.57178136495832
267,bar,2,336.8559152798261,65.73019102180443,1,0.5747066631226267,high,rct,holdout,0.8075273088415456,320.49368832374546,0.4628791250234854,False,True,151.06480086681975,19.57178136495832
268,bar,2,289.2715521960351,58.29605456110337,1,0.5696215433898961,low,obs,,0.8075273088415456,264.9423503469736,0.8819625650006128,False,False,241.47081852093947,19.57178136495832
269,bar,8,287.4833146531489,92.00053887407763,1,0.572013017857038,low,rct,treated,0.9985524773283811,376.441252070296,0.7847127924129913,False,False,280.30276690756654,19.57178136495832
270,bar,0,421.3730401576093,92.48914850530612,3,0.503866125487251,high,obs,,0.812320009776488,574.2742811732275,0.5976726647853273,True,False,355.822474602429,19.57178136495832
271,bar,0,288.4936677800145,62.12694354624088,1,0.724089258303043,low,obs,,0.812320009776488,309.4934552121656,0.28109951074911826,True,True,97.88557451146576,19.57178136495832
272,bar,11,437.4528638338554,78.30278069163568,1,0.6203576206459178,high,rct,holdout,1.2417115693927145,704.1443979809264,0.904556580675711,False,False,571.4694529512508,19.57178136495832
273,bar,6,357.8351175071525,48.96690796508294,3,0.6647864863457086,high,rct,holdout,1.1629429608386825,671.0832235545975,0.9004897580394364,False,False,610.9547215749266,19.57178136495832
274,bar,7,305.1508084427048,65.56853846651586,1,0.51562395063069,low,obs,,0.7035462344227063,238.86838719410977,0.6780250140670889,False,True,171.71422222975443,19.57178136495832
275,bar,10,279.90333037170933,82.06910258290758,2,0.6062020584912743,low,obs,,0.8089120417174245,347.8770739255562,0.9541190913541248,False,False,350.65887477372064,19.57178136495832
276,bar,6,324.45279299192305,66.57737304390294,2,0.8938409623822452,high,obs,,1.1629429608386825,683.9443039770971,0.6935276990238229,False,False,435.1406849309571,19.57178136495832
277,bar,4,383.99456190188,65.45722365271126,2,0.6225362876433064,high,obs,,1.0275822800548309,573.1892198446244,0.5413207115589668,True,False,347.38984573720575,19.57178136495832
278,bar,15,295.6928543858868,64.93996360378577,1,0.6786313056282157,low,rct,treated,1.0339918143594733,393.68479632969917,0.7219874087934733,False,False,288.0102089240371,19.57178136495832
279,bar,7,276.2601967546071,45.83234011322091,1,0.512787607336373,low,rct,holdout,0.7035462344227063,196.87530216171223,0.5635023247487733,False,True,120.84117476105875,19.57178136495832
280,bar,15,267.27667954249745,66.61688973286171,1,0.4650719810387663,low,obs,,1.0339918143594733,293.5351743182939,0.9167492702993837,False,False,276.3091842135064,19.57178136495832
281,bar,17,357.1494873944889,70.74211780990017,2,0.4798192792033466,high,obs,,1.1237477840063734,520.7553533292046,0.8594300800228881,False,False,477.92057966622866,19.57178136495832
282,bar,6,336.6965356856449,96.64591333689356,1,0.6944567852851489,high,obs,,1.1629429608386825,582.6111423821777,0.8740977731680358,False,False,547.3805575671931,19.57178136495832
283,bar,8,308.90081860384845,81.08355093620058,2,0.6397545980338092,low,obs,,0.9985524773283811,486.317370906804,0.8761320874975662,False,False,445.9775368362606,19.57178136495832
284,bar,10,366.7486563872427,82.3486242490035,3,0.713913035838348,high,obs,,0.8089120417174245,577.8114674658552,0.6864732172961071,False,False,488.1656758501612,19.57178136495832
285,bar,16,295.6017328688889,50.10949030351889,3,0.4621192911636353,low,obs,,1.1863315924054103,469.6627159773755,0.8280090845064676,False,False,421.48264446841915,19.57178136495832
286,bar,7,457.3725438189516,45.75379213581019,2,0.5680257757907115,high,obs,,0.7035462344227063,406.06184053529705,0.8129952573663988,False,False,369.98195212978686,19.57178136495832
287,bar,7,362.3665481162445,92.78761231905366,2,0.5136716833898592,high,rct,holdout,0.7035462344227063,374.7577284170421,0.48112610690844765,False,True,173.46011110893653,19.57178136495832
288,bar,11,211.57110269007265,59.6681457391518,3,0.4514435923552101,low,rct,holdout,1.2417115693927145,363.6839832562565,0.42846046506684315,False,True,147.80794088912177,19.57178136495832
289,bar,1,371.69010207945314,76.59525290030771,2,0.3650521321838182,high,obs,,1.0566406771193153,461.2603180198625,0.7586170821779145,False,False,285.4287026851886,19.57178136495832
290,bar,16,322.7586133314149,67.89714967397317,2,0.5665713941524986,high,rct,treated,1.1863315924054103,534.1722004181652,0.8750765497446776,False,False,420.9292150581241,19.57178136495832
291,bar,1,484.91574077486194,61.027014893135245,2,0.8097844736068012,high,obs,,1.0566406771193153,851.4794146480224,0.8367828369643538,False,False,761.0912157712928,19.57178136495832
292,bar,7,383.0340651120215,63.71948768542386,2,0.3934133234900974,high,obs,,0.7035462344227063,309.16829727513783,0.5875398507829783,False,True,164.4552987122831,19.57178136495832
293,bar,11,291.73990397095486,67.87192790983424,2,0.564719954140888,low,rct,treated,1.2417115693927145,504.44235197290465,0.7490506705306474,False,False,341.8499291751793,19.57178136495832
294,bar,9,333.5129755818914,78.3747272188781,2,0.7073566492276839,high,obs,,1.010749464328485,556.7061806169036,0.9100012720194732,False,False,531.3324608019745,19.57178136495832
295,bar,9,251.76187411036392,73.56241605188954,1,0.8290443233312246,low,obs,,1.010749464328485,383.56732364085735,0.9051344970220222,False,False,385.95998201723324,19.57178136495832
296,bar,17,313.06696665477887,86.57483073194304,1,0.5180922486106785,high,obs,,1.1237477840063734,428.74287693931166,0.840582221720457,False,False,370.93007614562936,19.57178136495832
297,bar,11,337.8025438890367,73.77792694442161,3,0.6975393391585731,high,obs,,1.2417115693927145,777.569595854103,0.8430929993445505,False,False,681.3197929523191,19.57178136495832
298,bar,2,202.4443715943476,65.42357531442374,1,0.4221508271668442,low,rct,treated,0.8075273088415456,165.0462516926968,0.7511514114230058,False,False,114.26434351046306,19.57178136495832
299,bar,13,264.6876943634176,69.99926232430437,1,0.772646698124598,low,rct,treated,0.9486158444409548,356.9082809006365,0.8286517429524606,False,False,294.1490310910007,19.57178136495832
300,waiting_room,13,141.2713366915292,29.146349409242205,1,0.5154107780447568,low,obs,,0.9486158444409548,95.71613569242051,0.8517194108646823,False,False,73.74498002751653,8.188556274299227
301,waiting_room,2,135.31923801128974,24.087503159265715,3,0.6579841406189977,low,obs,,0.8075273088415456,113.7518937746314,0.9729890472046714,False,False,110.13055549672367,8.188556274299227
302,waiting_room,0,81.91182932024145,31.41543686246601,2,0.5332929805223376,low,obs,,0.812320009776488,58.76343765043139,0.592984651743775,True,False,33.119757010275315,8.188556274299227
303,waiting_room,7,125.68445252618612,13.607542709458151,2,0.4523207087702617,low,obs,,0.7035462344227063,56.50275644067008,0.8378304620666918,False,False,44.586402025732944,8.188556274299227
304,waiting_room,1,175.4612749551511,21.46012128140176,3,0.721436046957047,high,rct,holdout,1.0566406771193153,196.49007782415038,0.8189865393471668,False,False,157.73855944081868,8.188556274299227
305,waiting_room,14,59.77151747061804,19.977260092211345,1,0.6896241835696169,low,obs,,1.0776802168048698,47.76732987214782,0.958095963019265,False,False,47.84180503131481,8.188556274299227
306,waiting_room,1,181.51539180526655,25.607075574086927,2,0.462799645234997,high,obs,,1.0566406771193153,146.7640519620585,1.0138144246909153,False,False,154.2300872930642,8.188556274299227
307,waiting_room,8,144.1218336763434,27.5982538741421,2,0.5502462737494154,low,obs,,0.9985524773283811,123.23008344618937,0.8244220826187713,False,False,97.73331502437483,8.188556274299227
308,waiting_room,8,155.77801021014227,19.145151452606218,1,0.3824903400765541,high,obs,,0.9985524773283811,84.57339811663982,0.9756098046610854,False,False,80.79793153244259,8.188556274299227
309,waiting_room,5,145.58269860873412,19.481621279625134,3,0.3613536614604579,low,rct,treated,0.9874541776436689,104.52472388458646,0.5148165168333204,False,True,46.47526902959797,8.188556274299227
310,waiting_room,0,157.29150211773697,17.71091132900811,2,0.5607116178741713,high,obs,,0.812320009776488,96.67430501007064,0.5607420884083857,True,False,51.36130022225035,8.188556274299227
311,waiting_room,17,92.4540530626983,20.332514147795678,1,0.4999316067427458,low,obs,,1.1237477840063734,65.08145039925547,0.6952203266378862,False,False,43.07142941654611,8.188556274299227
312,waiting_room,8,128.03392838794113,18.64151858553633,1,0.4126781612675949,low,rct,holdout,0.9985524773283811,71.37568944444457,1.0076818323678651,False,False,64.547084759019,8.188556274299227
313,waiting_room,19,76.46810903551265,14.751238855090175,1,0.4574178071306846,low,rct,holdout,0.5387255231292021,22.786686048611127,0.5235626177252334,False,True,12.419571463043624,8.188556274299227
314,waiting_room,17,92.60964883474408,27.753285340374312,3,0.4402684926116528,low,rct,holdout,1.1237477840063734,92.23608838341812,0.703532951012158,False,False,68.59450108393426,8.188556274299227
315,waiting_room,6,147.353230986724,24.061380249873828,3,0.616091180535281,high,obs,,1.1629429608386825,171.87264829083097,0.9575992245413312,False,False,165.25202832973187,8.188556274299227
316,waiting_room,13,102.3399890788236,29.64384728070627,1,0.7179251560894568,low,obs,,0.9486158444409548,83.6812849908053,1.028462722946446,False,False,89.18661497614649,8.188556274299227
317,waiting_room,19,142.63985756184516,20.57651583423788,2,0.5772732721773147,low,obs,,0.5387255231292021,61.49661047854708,0.9251997586355659,False,False,57.25048005118165,8.188556274299227
318,waiting_room,3,167.55646919115475,34.626858857987656,2,0.6176207284085268,high,rct,treated,0.755015792624648,125.52713077764035,0.589759161786891,True,False,85.58318735012486,8.188556274299227
319,waiting_room,11,227.39659776009844,22.5308279241324,1,0.4963468591012809,high,rct,treated,1.2417115693927145,181.6396449989747,0.8231334381912057,False,False,151.154672217216,8.188556274299227
320,waiting_room,0,119.09417049722906,29.7567719532458,2,0.5528740889168837,low,rct,treated,0.812320009776488,85.31417897010249,0.5018966957969023,True,True,41.0448265966805,8.188556274299227
321,waiting_room,17,201.1943792398704,27.04034612254632,3,0.6514877710546022,high,obs,,1.1237477840063734,243.1869213572402,0.8881795680778282,False,False,227.9695259257971,8.188556274299227
322,waiting_room,11,107.77711366042068,21.678915905123876,2,0.4069432430693082,low,obs,,1.2417115693927145,91.54662799924988,0.5109305560059556,False,True,49.313150761722575,8.188556274299227
323,waiting_room,3,159.01522537705353,18.572382239246423,2,0.6958031538219276,high,obs,,0.755015792624648,103.6843283064437,0.48445787813550373,True,False,51.34424475885312,8.188556274299227
324,waiting_room,2,128.0113533311484,14.123993712244344,2,0.5385391648696164,low,rct,holdout,0.8075273088415456,72.6065124136479,0.7744974774629014,False,False,60.65663092208958,8.188556274299227
325,waiting_room,6,121.97125590221282,16.9694983350909,3,0.4282340573122613,low,obs,,1.1629429608386825,107.20641507236627,0.8495195832948579,False,False,94.20085811746011,8.188556274299227
326,waiting_room,9,101.50540637197084,16.943491372112604,1,0.3404417764447127,low,obs,,1.010749464328485,51.4664210811369,0.7587452647446346,False,False,39.33331710574856,8.188556274299227
327,waiting_room,9,127.0713227339988,24.22586769419564,1,0.4503348830532521,low,obs,,1.010749464328485,80.61268277252132,0.9294955309763036,False,False,78.5597983160863,8.188556274299227
328,waiting_room,1,148.76367219713865,23.04768390036432,3,0.844939934661457,high,obs,,1.0566406771193153,187.43266673370326,0.7965190111744509,False,False,169.69191211676113,8.188556274299227
329,waiting_room,4,106.66158443654426,16.447733052296726,2,0.627624725321177,low,obs,,1.0275822800548309,86.54925374158405,0.6386390783277848,True,False,53.11591533561911,8.188556274299227
330,waiting_room,3,172.97826689158572,14.187134869163032,1,0.7161947968627997,high,obs,,0.755015792624648,90.98401958666088,0.45788932122652815,True,False,43.17847037619818,8.188556274299227
331,waiting_room,1,119.71327495307791,29.160500623314945,1,0.8075573075075947,low,obs,,1.0566406771193153,116.36050313671004,0.717274794164892,False,True,76.38018162208688,8.188556274299227
332,waiting_room,17,161.04936885653763,23.581840315136997,2,0.4628127394838422,high,rct,holdout,1.1237477840063734,134.84766762703867,0.683650571217886,False,False,88.1341262330444,8.188556274299227
333,waiting_room,8,110.21964212602764,22.60359404388877,1,0.5812037913901549,low,obs,,0.9985524773283811,76.90594096120374,0.8856227966559758,False,False,65.79059670342612,8.188556274299227
334,waiting_room,1,165.3287772356402,28.72159880902674,1,0.5377080837571957,high,obs,,1.0566406771193153,126.8395448022671,0.8819964739155538,False,False,110.3410399257861,8.188556274299227
335,waiting_room,6,90.05757275279883,21.59268315847196,2,0.5596972947806329,low,obs,,1.1629429608386825,83.6109040956602,0.6532971363188594,False,False,55.21092439002739,8.188556274299227
336,waiting_room,8,99.38102482269392,30.001151109419737,2,0.461394143270847,low,obs,,0.9985524773283811,80.15085950240807,0.8160626131270973,False,False,68.86701226670986,8.188556274299227
337,waiting_room,11,139.28938412056817,23.108455473866773,3,0.7063590505183394,low,rct,treated,1.2417115693927145,185.13465298527044,0.7650810810393245,False,False,133.8852383856612,8.188556274299227
338,waiting_room,4,123.64147358518778,18.939971627072094,1,0.598296108954755,low,obs,,1.0275822800548309,85.72009429385298,0.5436647506812372,True,False,46.22933960875115,8.188556274299227
339,waiting_room,2,186.6274092541226,13.962945800876147,2,0.5362048509237971,high,rct,holdout,0.8075273088415456,105.35546781018142,0.7867090649006039,False,False,86.41857242204854,8.188556274299227
340,waiting_room,11,183.6632100090256,22.74398871062652,2,0.5769614837962004,high,obs,,1.2417115693927145,187.94852665901618,0.7580281730224083,False,False,159.14016607224696,8.188556274299227
341,waiting_room,17,178.74495793919846,25.3082942351646,2,0.7283026631740471,high,obs,,1.1237477840063734,195.32754295755504,0.7920809774166216,False,False,133.33579223399792,8.188556274299227
342,waiting_room,17,126.70284141868888,28.95690559591479,1,0.6461414123946173,low,obs,,1.1237477840063734,114.51704953809674,0.9003643875241752,False,False,103.21754259627969,8.188556274299227
343,waiting_room,6,105.34685588243708,27.002962249243417,1,0.6107640707263796,low,rct,holdout,1.1629429608386825,93.1735186797555,0.6991243560761352,False,False,60.253588341113634,8.188556274299227
344,waiting_room,16,175.30388659087976,27.716640935313528,1,0.4821696640936666,high,rct,treated,1.1863315924054103,141.12646822312206,0.5902123568503492,False,True,82.34075942261158,8.188556274299227
345,waiting_room,6,232.8818180182955,32.07487483971359,1,0.5634980178908419,high,rct,treated,1.1629429608386825,209.95827505101227,0.8113384091041242,False,False,178.27535851714745,8.188556274299227
346,waiting_room,12,156.28000236548772,22.3843705505287,3,0.508993360352278,high,rct,treated,0.8144217863374531,112.84291167762741,0.8707098338391652,False,False,103.84569857373897,8.188556274299227
347,waiting_room,5,177.89940190966905,17.580927656183917,2,0.6070465914817823,high,obs,,0.9874541776436689,138.45909276972478,0.6801042980266666,False,False,99.08961507816856,8.188556274299227
348,waiting_room,14,179.84913796484767,28.46211546843729,3,0.6780211147945906,high,obs,,1.0776802168048698,217.1427977476765,0.5413495647666936,False,True,120.51956794236646,8.188556274299227
349,waiting_room,4,173.9321086990897,25.164438163317016,2,0.6608279818927978,high,rct,holdout,1.0275822800548309,163.94751025303734,0.6358019162310784,True,False,94.1265983654078,8.188556274299227
350,waiting_room,5,161.78100457071238,23.034923394419483,1,0.6960247273748463,high,obs,,0.9874541776436689,124.20235558494117,0.916354722077057,False,False,126.8527977636578,8.188556274299227
351,waiting_room,14,158.19223294545117,16.19251675358582,2,0.4887244181677482,high,rct,treated,1.0776802168048698,117.59491456616897,0.9374457795011545,False,False,103.6592975442924,8.188556274299227
352,waiting_room,5,119.0017343894195,18.19637020741191,1,0.4722505155951889,low,obs,,0.9874541776436689,69.44124988290129,0.8128856159548283,False,False,55.68100350981028,8.188556274299227
353,waiting_room,4,134.48716606329924,20.979626788952643,3,0.3401055335397006,low,rct,holdout,1.0275822800548309,100.07380236477147,0.5255149505811594,True,False,51.48685582017806,8.188556274299227
354,waiting_room,6,181.54932501591776,15.8425239329627,3,0.8536593908953117,high,rct,holdout,1.1629429608386825,228.87329541238455,0.9172521507438158,False,False,214.39888369474716,8.188556274299227
355,waiting_room,3,105.03130783396062,13.77071404004806,1,0.2793552710128966,low,obs,,0.755015792624648,35.17709522015451,0.5590316437619317,True,False,22.285562012557204,8.188556274299227
356,waiting_room,13,113.0099340354345,19.10534718559076,3,0.6412069210045983,low,rct,holdout,0.9486158444409548,102.72395858277143,0.8632457281949175,False,False,81.17674190695007,8.188556274299227
357,waiting_room,1,158.43024109734955,21.542204961793,3,0.6259985207949412,high,obs,,1.0566406771193153,163.7394319099752,0.9056600179197849,False,False,149.09154358598857,8.188556274299227
358,waiting_room,17,187.6323045460033,19.3578477414895,1,0.346515083928142,high,rct,treated,1.1237477840063734,110.29726397931462,0.7906245493702607,False,False,73.3847150974636,8.188556274299227
359,waiting_room,11,120.22958966328584,15.669523840588743,3,0.6997782507268216,low,rct,holdout,1.2417115693927145,143.06965877182012,1.0185498881272395,False,False,136.22259049528833,8.188556274299227
360,waiting_room,4,182.75774749189603,16.92336979504436,1,0.6183522310433701,high,obs,,1.0275822800548309,125.32186126391626,0.4811437640174122,True,False,59.276201767810534,8.188556274299227
361,waiting_room,5,204.03859388583572,28.8560092793403,2,0.7170565264287999,high,rct,holdout,0.9874541776436689,203.10565933202557,0.8231503881571584,False,False,159.50068670015432,8.188556274299227
362,waiting_room,2,170.41744440055078,17.416052347201784,3,0.5245319590264099,high,obs,,0.8075273088415456,115.55003319724892,0.6115091673564609,False,True,69.48302775689649,8.188556274299227
363,waiting_room,18,108.96391788220284,26.97629499257669,2,0.4882642084063674,low,obs,,1.061786816780963,92.48829580372694,0.8581749599146361,False,False,74.7731617362759,8.188556274299227
364,waiting_room,13,134.91682712652548,24.366367161566565,1,0.822492062776582,low,obs,,0.9486158444409548,111.99301210936798,0.7420542903201809,False,False,80.26135347220698,8.188556274299227
365,waiting_room,9,127.0315722048883,23.706819393926864,3,0.4584074413515934,low,rct,holdout,1.010749464328485,110.06518143994326,0.8772266010415863,False,False,95.2284428792957,8.188556274299227
366,waiting_room,19,203.972387990932,24.06651234330333,1,0.8481974626959385,high,obs,,0.5387255231292021,97.63654441608874,1.0076089614178891,False,False,87.2726783069691,8.188556274299227
367,waiting_room,18,145.97177893172426,18.904592368568927,2,0.5564319803318313,low,rct,treated,1.061786816780963,118.81259076089096,0.9111413723219476,False,False,109.9923517643626,8.188556274299227
368,waiting_room,16,98.60231975756354,17.684759699999724,2,0.6322377609236933,low,obs,,1.1863315924054103,94.43824308853088,0.6980484522203654,False,False,59.87425995251012,8.188556274299227
369,waiting_room,15,117.27801540431348,20.272700244007822,2,0.6486094594681173,low,obs,,1.0339918143594733,103.03547499421505,0.6940624607105728,False,False,68.31421275720655,8.188556274299227
370,waiting_room,17,72.83430216804794,20.078926596075448,2,0.5035379339921454,low,obs,,1.1237477840063734,60.59602143575295,0.8413866808762985,False,False,48.48342703221807,8.188556274299227
371,waiting_room,4,117.53249715759812,23.336361664654085,2,0.3449735213925924,low,obs,,1.0275822800548309,78.71688893553856,0.4940689209431814,True,False,42.112850109678256,8.188556274299227
372,waiting_room,17,231.3399815424904,22.949298947693244,1,0.5816350642456563,high,obs,,1.1237477840063734,182.57691409106243,0.7482459212545213,False,False,150.60805487841677,8.188556274299227
373,waiting_room,2,187.8977113213628,23.345601545929743,2,0.6375160752799888,high,rct,treated,0.8075273088415456,133.14969246006692,0.8824889539227654,False,False,122.92079427836669,8.188556274299227
374,waiting_room,5,130.321810090346,24.220482470847333,3,0.5603607683826269,low,obs,,0.9874541776436689,122.88277233624467,0.8677130563316331,False,False,117.27618867196067,8.188556274299227
375,waiting_room,17,150.19119098573756,14.916496277037574,2,0.95,high,obs,,1.1237477840063734,167.51232571361456,1.0019753429511598,False,False,159.34878599214613,8.188556274299227
376,waiting_room,3,193.19034033565555,21.28194221395436,3,0.5451896163511358,high,rct,holdout,0.755015792624648,131.95776660355136,0.40015979588290596,True,True,59.41680228800725,8.188556274299227
377,waiting_room,12,179.85453059681032,18.382375085733106,3,0.7293252166778803,high,obs,,0.8144217863374531,149.64555254763295,0.6860603917723965,False,False,105.31738197979965,8.188556274299227
378,waiting_room,2,172.2856187344479,22.10098823389185,3,0.5944890197303654,high,obs,,0.8075273088415456,133.28473901300572,0.7819232341247425,False,False,105.35088809651708,8.188556274299227
379,waiting_room,9,89.54723645166584,26.83491693433648,1,0.8125626623865696,low,rct,treated,1.010749464328485,81.16616016705801,0.8411997571352693,False,False,69.9474430308748,8.188556274299227
380,waiting_room,3,156.1652051885448,22.972383141304988,2,0.5514943803021803,high,obs,,0.755015792624648,95.1652191606308,0.40224731210380604,True,True,38.804026459679044,8.188556274299227
381,waiting_room,6,92.09061497751918,22.64188763814109,1,0.6390861556828732,low,obs,,1.1629429608386825,78.88190060897826,0.7045721744001189,False,False,60.70544910585859,8.188556274299227
382,waiting_room,11,85.75669216348241,24.77298490074162,2,0.75924620684688,low,obs,,1.2417115693927145,105.4180245185534,0.8967330547111393,False,False,87.75704099169025,8.188556274299227
383,waiting_room,19,150.45060824722853,25.90094589107503,3,0.5452023157129297,high,obs,,0.5387255231292021,77.98412294748528,0.8704170181478642,False,False,67.37895163563047,8.188556274299227
384,waiting_room,6,156.0471577763641,22.81225264574186,2,0.6331770271921008,high,obs,,1.1629429608386825,157.50972607460315,0.8181416695330741,False,False,132.35588669036179,8.188556274299227
385,waiting_room,6,218.49839461728232,23.415162524657468,3,0.411262462958024,high,obs,,1.1629429608386825,206.30310476930444,0.7968386287405413,False,False,156.69429683509696,8.188556274299227
386,waiting_room,13,124.42747645761766,30.973400432345212,1,0.945854156706282,low,obs,,0.9486158444409548,122.7628888933107,0.5836401091839215,False,True,68.74876340997541,8.188556274299227
387,waiting_room,11,144.64405169297555,29.49925203187931,1,0.7767619118931246,low,obs,,1.2417115693927145,162.00484857562657,0.9835351238827452,False,False,168.26907107082698,8.188556274299227
388,waiting_room,13,92.69594224108344,24.43857286622709,3,0.7637506500165314,low,rct,treated,0.9486158444409548,100.36121711699158,0.7635412445639598,False,False,75.50450815816701,8.188556274299227
389,waiting_room,18,194.54913218236968,19.79968447355408,3,0.3614308680555703,high,obs,,1.061786816780963,150.88335828462738,0.8087780474434555,False,False,128.4386583918963,8.188556274299227
390,waiting_room,1,175.06502088888985,21.46149393396297,3,0.5569885714747491,high,rct,treated,1.0566406771193153,169.6549207558051,0.8667365021627016,False,False,156.48792269555932,8.188556274299227
391,waiting_room,1,153.67711765019402,17.667478628484275,2,0.5618654210776391,high,obs,,1.0566406771193153,122.9177073870212,0.9117162311363896,False,False,111.38378966263359,8.188556274299227
392,waiting_room,12,190.69246944041308,17.686864183429673,3,0.7784073250275646,high,obs,,0.8144217863374531,163.35421362125092,0.9491928424329601,False,False,141.79517933336024,8.188556274299227
393,waiting_room,7,114.3251917924824,30.084511182878405,1,0.6332878031229214,low,rct,treated,0.7035462344227063,64.86356366196462,0.8609219985318786,False,False,57.795956968433856,8.188556274299227
394,waiting_room,14,211.06844422803763,12.984795663428676,3,0.5183921252825047,high,obs,,1.0776802168048698,177.62748920048088,0.818626559159922,False,False,169.0446533649676,8.188556274299227
395,waiting_room,9,119.89606284090934,14.982208624192316,1,0.3236639702728782,low,obs,,1.010749464328485,57.868629930920456,0.8938024311372923,False,False,39.68153038622701,8.188556274299227
396,waiting_room,15,162.189598067894,14.949372898020998,2,0.395372462309146,high,obs,,1.0339918143594733,102.83108664608923,0.5615317521675516,False,True,54.716512098608284,8.188556274299227
397,waiting_room,2,185.2906182839345,23.57336378181423,3,0.6178295538389187,high,obs,,0.8075273088415456,149.33403588908428,0.8600471129621647,False,False,126.31278063650592,8.188556274299227
398,waiting_room,19,150.7710937555946,18.550632414955835,3,0.8441954405808004,high,rct,treated,0.5387255231292021,90.953558039742,0.9070382849261697,False,False,82.50481993490064,8.188556274299227
399,waiting_room,16,180.5382899372245,10.646977830104388,3,0.5324710007627007,high,obs,,1.1863315924054103,163.41101644323373,0.8149794668928428,False,False,125.69248631997993,8.188556274299227
